Codigo,Especialidad,Descripcion,GrupoQuirurgico,ValorCOP
1101,Quirur.,Craneotomía para extracción cuerpo extraño; incluye esquirlectomía 9,9.0,2376100.0
1102,Quirur.,Craneotomía para drenaje hematoma epidural o subdural 20,20.0,3572200.0
1103,Quirur.,Craneotomía para extracción secuestro 8,8.0,2080700.0
1104,Quirur.,Craneotomía para drenaje de hematoma de fosa posterior 20,20.0,3572200.0
1106,Quirur.,Craneotomía para ruptura de senos de duramadre 20,20.0,3572200.0
1107,Quirur.,Trepanación para monitoreo de presión intracraneana 12,12.0,3641200.0
1108,Quirur.,Craneotomía para drenaje hematoma intracerebral 13,13.0,3886300.0
1110,Quirur.,Tratamiento de malformaciones arterio venosas supratentoriales 21,21.0,4300500.0
1111,Quirur.,Tratamiento de malformaciones arterio venosas infratentoriales 23,23.0,7112200.0
1112,Quirur.,"Tratamiento de malformaciones arterio venosas de línea media e intraventricular 22",22.0,4980800.0
1113,Quirur.,Apertura de seno cavernoso por fístula o aneurisma 23,23.0,7112200.0
1114,Quirur.,Revascularización supratentorial e infratentorial 22,22.0,4980800.0
1116,Quirur.,Endarterectomía de vaso de cuello 21,21.0,4300500.0
1117,Quirur.,Embolización para cateterismo de arterias intracraneanas 21,21.0,4300500.0
1118,Quirur.,Angioplastia intraluminar 21,21.0,4300500.0
1120,Quirur.,Craneotomía para extirpación adenomas hipofisiarios 22,22.0,4980800.0
1121,Quirur.,"Craneotomía para extirpación adenomas hipofisiarios (vía transesfenoidal) 22",22.0,4980800.0
1124,Quirur.,Craneotomía para pinealectomía 23,23.0,7112200.0
1125,Quirur.,Craneotomía para resección de tumores de fosa anterior 20,20.0,3572200.0
1126,Quirur.,Craneotomía para resección de tumores de fosa media 20,20.0,3572200.0
1127,Quirur.,Craneotomía para resección de tumores de fosa posterior 21,21.0,4300500.0
1128,Quirur.,Craneotomía para tumores del ángulo ponto cerebeloso 22,22.0,4980800.0
1131,Quirur.,Tratamiento por vía anterior para tumores de clivus 23,23.0,7112200.0
1132,Quirur.,Craneotomía para tumores de hoz de cerebro 20,20.0,3572200.0
1133,Quirur.,Craneotomía para tumores de cuerpo calloso 20,20.0,3572200.0
1140,Quirur.,Leucotomía 12,12.0,3641200.0
1141,Quirur.,Lobectomía 20,20.0,3572200.0
1142,Quirur.,Lobotomía (psicocirugía estereotáxica) 12,12.0,3641200.0
1143,Quirur.,Hemisferectomía 22,22.0,4980800.0
1144,Quirur.,Extirpación de lesión y/o tejido de las meninges cerebrales 20,20.0,3572200.0
1145,Quirur.,Reparación encéfalocele 20,20.0,3572200.0
1146,Quirur.,Reparación meningocele craneal 20,20.0,3572200.0
1147,Quirur.,Tratamiento de platibasia (Síndrome de Arnold Chiari) 22,22.0,4980800.0
1148,Quirur.,Corrección de enfermedad de Crouzón 23,23.0,7112200.0
1149,Quirur.,Injertos intracraneanos (médula suprarrenal) 22,22.0,4980800.0
1150,Quirur.,"Punción estereotáxica de quistes, abcesos y hematomas intracraneanos 20",20.0,3572200.0
1151,Quirur.,Implantación estereotáxica de electrodos y material radio activo 22,22.0,4980800.0
1152,Quirur.,Biopsia esterotáxica de lesiones cerebrales 20,20.0,3572200.0
1160,Quirur.,Corrección hundimiento craneano 12,12.0,3641200.0
1161,Quirur.,Craniectomía lineal 12,12.0,3641200.0
1164,Quirur.,Craneoplastia con acrílico 13,13.0,3886300.0
1165,Quirur.,Craneoplastia con remplazo óseo 20,20.0,3572200.0
1166,Quirur.,Tratamiento para descompresión y corrección órbitaria. 21,21.0,4300500.0
1220,Quirur.,Derivación ventrículo atrial 13,13.0,3886300.0
1221,Quirur.,Derivación ventrículo peritoneal 13,13.0,3886300.0
1222,Quirur.,Derivación ventrículo pleural 13,13.0,3886300.0
1223,Quirur.,Derivación ventrículo subaracnoidea cervical 13,13.0,3886300.0
1224,Quirur.,Derivación subduro atrial 13,13.0,3886300.0
1225,Quirur.,Derivación subduro peritoneal 13,13.0,3886300.0
1226,Quirur.,Drenaje de quiste hacia aurícula 13,13.0,3886300.0
1227,Quirur.,Ventriculostomía (drenaje externo) 12,12.0,3641200.0
1240,Quirur.,Eliminación de derivación 9,9.0,2376100.0
1241,Quirur.,Revisión de derivación 10,10.0,3170600.0
1250,Quirur.,Punción cisternal 4,4.0,840100.0
1251,Quirur.,Punción ventricular 5,5.0,1063500.0
1252,Quirur.,Punción subdural 4,4.0,840100.0
1261,Quirur.,Implantación de marcapasos tipo cerebeloso 20,20.0,3572200.0
1262,Quirur.,Nucleotomía percutánea 22,22.0,4980800.0
1301,Quirur.,"Laminectomía para exploración del canal raquídeo, uno o más segmentos Extradural, Subdural o Intramedular (cervical, dorsal, lumbar o sacra) 20",20.0,3572200.0
1311,Quirur.,"Uno o más interespacios cervical, toráxica o lumbar, unilateral 21",21.0,4300500.0
1313,Quirur.,"Uno o más interespacios cervical toráxica o lumbar, bilateral 22",22.0,4980800.0
1315,Quirur.,"Microdiscoidectomía, uno o más interespacios 23",23.0,7112200.0
1321,Quirur.,"Laminectomía para mielotomía, tipo Bischof, dorsal o lumbar 22",22.0,4980800.0
1322,Quirur.,"Laminectomía para rizotomía, uno o dos segmentos 21",21.0,4300500.0
1323,Quirur.,"Laminectomía para rizotomía, más de dos segmentos 22",22.0,4980800.0
1324,Quirur.,"Laminectomía para cordotomía, unilateral, en un tiempo, cervical o dorsal 21",21.0,4300500.0
1325,Quirur.,"Laminectomía para cordotomía, bilateral, en un tiempo, cervical o dorsal 22",22.0,4980800.0
1326,Quirur.,"Laminectomía para cordotomía, bilateral, en dos tiempos, cervical o dorsal 23",23.0,7112200.0
1332,Quirur.,Resección de meningocele raquídeo 21,21.0,4300500.0
1334,Quirur.,Resección de meningomieloradiculocele 22,22.0,4980800.0
1335,Quirur.,Tratamiento de diastematomielia 22,22.0,4980800.0
1341,Quirur.,"Lesión estereotáxia de la médula percutánea, cualquier modalidad, inclusive estimulación y/o registro 21",21.0,4300500.0
1342,Quirur.,"Estimulación estereotáxica de la médula, percutánea o procedimiento separado no seguido de cirugía 12",12.0,3641200.0
1343,Quirur.,"Implantación percutánea de electrodos de neuroestimulación, epidural o intradural 20",20.0,3572200.0
1344,Quirur.,"Laminectomía para implantación de electrodos de neuroestimulación, extradurales 20",20.0,3572200.0
1345,Quirur.,"Laminectomía para implantación de electrodos de neuroestimulación, intradurales 20",20.0,3572200.0
1346,Quirur.,"Revisión o remoción de electrodos de neuro estimulación, espinales 12",12.0,3641200.0
1351,2.4. Pares Craneanos,Reparación fístula líquido cefalorraquídeo 20,20.0,3572200.0
1352,2.4. Pares Craneanos,Injerto dural 20,20.0,3572200.0
1371,2.4. Pares Craneanos,"Disquectomía cervical, abordaje anterior sin artrodesis, un solo interespacio 21",21.0,4300500.0
1372,2.4. Pares Craneanos,"Disquectomía cervical, abordaje anterior con artrodesis, un solo interespacio 22",22.0,4980800.0
1373,2.4. Pares Craneanos,"Disquectomía cervical, abordaje anterior sin artrodesis, dos o más interespacios 22",22.0,4980800.0
1374,2.4. Pares Craneanos,"Disquectomía cervical, abordaje anterior con artrodesis, dos o más interespacios 23",23.0,7112200.0
1375,2.4. Pares Craneanos,Cirugía de Cloward 23,23.0,7112200.0
1376,2.4. Pares Craneanos,Cerclaje cervical 21,21.0,4300500.0
1377,2.4. Pares Craneanos,Cerclaje e injerto por listesis 22,22.0,4980800.0
1378,2.4. Pares Craneanos,Abordaje transoral por lesión cervical 23,23.0,7112200.0
1380,2.4. Pares Craneanos,"Descompresión Medular dorsal o dorso lumbar, por vía anterior 22",22.0,4980800.0
1381,2.4. Pares Craneanos,"Descompresión Medular dorsal o lumbar, por vía antero lateral 22",22.0,4980800.0
1382,2.4. Pares Craneanos,Descomprensión Medular por abordaje costo vertebral 22,22.0,4980800.0
1383,2.4. Pares Craneanos,Discólisis enzimática 12,12.0,3641200.0
1384,2.4. Pares Craneanos,"Laminectomía y sección de los ligamentos dentados, con o sin injerto dural o cervical, uno o dos segmentos 21",21.0,4300500.0
1385,2.4. Pares Craneanos,"Laminectomía y sección de los ligamentos dentados, con o sin injerto dural o cervical, más de dos segmentos 22",22.0,4980800.0
1386,2.4. Pares Craneanos,"Laminectomía para resección u oclusión de malformación arteriovenosa de la médula, cervical, dorsal o dorso lumbar 23",23.0,7112200.0
1387,2.4. Pares Craneanos,"Microcirugía de raíces, médula y nervios, por aracnoiditis 22",22.0,4980800.0
1389,2.4. Pares Craneanos,Instalación de bomba de infusión para dolor 13,13.0,3886300.0
1401,Quirur.,"Anastomosis microquirúrgica de pares craneanos, intra o extracraneana 22",22.0,4980800.0
1402,Quirur.,Rizotomía intracraneana para dolor 22,22.0,4980800.0
1403,Quirur.,"Descompresión neurovascular en hemiespasmo facial, neuralgia del V par, tortícolis espasmódica, vértigo o neuralgia del glosofaríngeo 23",23.0,7112200.0
1404,Quirur.,Descompresión de nervio facial en peñasco y fosa media 23,23.0,7112200.0
1405,Quirur.,Neurólisis percutánea con radiofrecuencia o sustancias químicas 22,22.0,4980800.0
1406,Quirur.,"Rizotomía para dolor, abordaje por fosa media 20",20.0,3572200.0
1407,Quirur.,"Rizotomía para dolor, abordaje por fosa posterior 20",20.0,3572200.0
1408,Quirur.,Gangliolisis con radiofrecuencia 20,20.0,3572200.0
1409,Quirur.,Gangliolisis con fenolización 20,20.0,3572200.0
1501,Quirur.,"Simpatectomía o gangliectomía simpática, incluye cervical torácica, lumbar 12",12.0,3641200.0
1502,Quirur.,Gangliectomía esfenopalatina 20,20.0,3572200.0
1503,Quirur.,Bloqueos simpáticos por regiones 12,12.0,3641200.0
1601,Quirur.,"Exploración plejo cervical, lumbar o sacro 20",20.0,3572200.0
1610,Quirur.,Descompresión de tronco 13,13.0,3886300.0
1611,Quirur.,Reconstrucción de plejo con neurorrafias 21,21.0,4300500.0
1612,Quirur.,Reconstrucción de plejo con injerto de nervio 22,22.0,4980800.0
1613,Quirur.,Reconstrucción de plejo con neurotizaciones 12,12.0,3641200.0
1614,Quirur.,Resección de banda cervical 12,12.0,3641200.0
1620,Quirur.,Resección tumor plejo 20,20.0,3572200.0
2101,Quirur.,Drenaje glándula lagrimal; incluye saco lagrimal 3,3.0,625000.0
2102,Quirur.,Extracción cuerpo extraño glándula lagrimal; Incluye saco lagrimal 6,6.0,1465700.0
2110,Quirur.,Dacriocistectomía 7,7.0,1893100.0
2111,Quirur.,Resección de glándula lagrimal 7,7.0,1893100.0
2112,Quirur.,Resección tumor glándula lagrimal 7,7.0,1893100.0
2120,Quirur.,Conjuntivodacriocistorrinostomía 10,10.0,3170600.0
2121,Quirur.,Dacriocistorrinostomía 11 1,1.0,231000.0
2130,Quirur.,Plastia de canalículos lagrimales 8,8.0,2080700.0
2140,Quirur.,Remoción cálculos canalículos lagrimales 3,3.0,625000.0
2141,Quirur.,Entropión punto lagrimal 3,3.0,625000.0
2142,Quirur.,Ectropión punto lagrimal 3,3.0,625000.0
2143,Quirur.,Oclusión puntos lagrimales 3,3.0,625000.0
2210,Quirur.,Cauterización chalazión 3,3.0,625000.0
2211,Quirur.,Drenaje resección chalazión 5 5,5.0,1063500.0
2220,Quirur.,Fulguración párpado 3,3.0,625000.0
2223,Quirur.,Tarsectomía 4,4.0,840100.0
2224,Quirur.,Resección tumor maligno párpado con reconstrucción total 11,11.0,3405400.0
2230,Quirur.,Blefarorrafia 4,4.0,840100.0
2231,Quirur.,Tarsorrafia 4,4.0,840100.0
2232,Quirur.,Fijación supratarsal para formar pliegue párpado superior 5,5.0,1063500.0
2240,Quirur.,Corrección ectropión 7,7.0,1893100.0
2241,Quirur.,Corrección entropión 7,7.0,1893100.0
2242,Quirur.,Corrección entropión con exceso de laxitud horizontal 8,8.0,2080700.0
2243,Quirur.,Corrección entropión recurrencia 8,8.0,2080700.0
2244,Quirur.,Entropión por infección con ectropión punto lagrimal 8,8.0,2080700.0
2245,Quirur.,Injerto cartílago tarsal 7,7.0,1893100.0
2246,Quirur.,Injerto párpado (corrección ectropión o entropión) 8,8.0,2080700.0
2247,Quirur.,Blefaroplastia 10,10.0,3170600.0
2248,Quirur.,Tarsoplastia 7,7.0,1893100.0
2250,Quirur.,"Electrólisis o electrofulguración de pestañas por distriquiasis o triquiasis 4",4.0,840100.0
2260,Quirur.,Cantoplastia 4,4.0,840100.0
2261,Quirur.,Cantorrafia 4,4.0,840100.0
2262,Quirur.,Cantotomía 3,3.0,625000.0
2263,Quirur.,Corrección epicanto 6,6.0,1465700.0
2264,Quirur.,Corrección epicanto con cuatro colgajos (Mustarde) 8,8.0,2080700.0
2265,Quirur.,Corrección telecanto y blefarofimosis por disrrupción orbital 10,10.0,3170600.0
2266,Quirur.,"Corrección telecanto, blefarofimosis y epicanto (congénita) 11",11.0,3405400.0
2270,Quirur.,"Corrección ptosis palpebral (resección externa o interna del músculo elevador) 11",11.0,3405400.0
2271,Quirur.,Corrección ptosis palpebral (procedimiento de Fassanella y Servat) 8,8.0,2080700.0
2272,Quirur.,Corrección ptosis palpebral deslizamiento músculo frontal 9,9.0,2376100.0
2273,Quirur.,Corrección ptosis palpebral con injerto fascia lata 9,9.0,2376100.0
2301,Quirur.,Peritomía total 4,4.0,840100.0
2302,Quirur.,Resección pterigión 6,6.0,1465700.0
2303,Quirur.,Resección pterigión con injerto de conjuntiva 8,8.0,2080700.0
2304,Quirur.,Resección pterigión reproducido 8,8.0,2080700.0
2305,Quirur.,Resección quiste o tumor conjuntival 6,6.0,1465700.0
2306,Quirur.,Resección quiste o tumor conjuntival con injerto de mucosa 7,7.0,1893100.0
2310,Quirur.,Sutura de la conjuntiva 4,4.0,840100.0
2311,Quirur.,Injerto de la conjuntiva; incluye transplante y plastia 7,7.0,1893100.0
2312,Quirur.,Corrección simbléfaron 7,7.0,1893100.0
2313,Quirur.,Fotocoagulación de conjuntiva por laser 7,7.0,1893100.0
2401,Quirur.,Descompresión de órbita (excepto vía techo órbita) 10,10.0,3170600.0
2402,Quirur.,Drenaje absceso de órbita 4,4.0,840100.0
2403,Quirur.,Extracción cuerpo extraño de órbita 10,10.0,3170600.0
2410,Quirur.,Resección tumor órbita 11,11.0,3405400.0
2420,Quirur.,Exenteración de órbita 20,20.0,3572200.0
2430,Quirur.,"Plastia de órbita (Inserción de prótesis orbitaria); incluye reinserción de prótesis 10",10.0,3170600.0
2431,Quirur.,Plastia de órbita con reconstrucción de fondos de saco con injertos 10,10.0,3170600.0
2432,Quirur.,Reconstrucción piso 10,10.0,3170600.0
2433,Quirur.,Reducción fractura 9,9.0,2376100.0
2501,Quirur.,Extracción cuerpo extraño endocular 13,13.0,3886300.0
2510,Quirur.,Enucleación con injerto dermograso 10,10.0,3170600.0
2511,Quirur.,Enucleación con implante 8,8.0,2080700.0
2530,Quirur.,"Inserción secundaria de prótesis (con formación de fondos de saco conjuntivales) 9",9.0,2376100.0
2540,Quirur.,Corrección estrabismo horizontal o vertical 8,8.0,2080700.0
2541,Quirur.,Corrección estrabismo mixto (horizontal con componente vertical) 10,10.0,3170600.0
2542,Quirur.,Acortamiento tendón cantal medial (telecanto) 6,6.0,1465700.0
2601,Quirur.,Evacuación de hifema 7,7.0,1893100.0
2602,Quirur.,Extracción cuerpo extraño de córnea profundo 4,4.0,840100.0
2603,Quirur.,Paracentesis de cámara anterior 6,6.0,1465700.0
2604,Quirur.,Queratotomía radial miópica o astigmática 20,20.0,3572200.0
2610,Quirur.,Cauterización de córnea ( termo o crío aplicación) 4,4.0,840100.0
2611,Quirur.,Queratectomía 6,6.0,1465700.0
2612,Quirur.,Resección tumor córnea 8,8.0,2080700.0
2613,Quirur.,Tatuaje de la córnea 4,4.0,840100.0
2620,Quirur.,Sutura córnea superficial 6,6.0,1465700.0
2621,Quirur.,Sutura córnea perforante 8,8.0,2080700.0
2622,Quirur.,Queratoplastia penetrante 21,21.0,4300500.0
2623,Quirur.,Queratoplastia penetrante (retiro puntos) 3,3.0,625000.0
2624,Quirur.,Queratoplastia superficial o lamelar 13,13.0,3886300.0
2625,Quirur.,Reparación herida corneoesclera con hernia uveal o faquectomía 13,13.0,3886300.0
2626,Quirur.,Queratofaquia 21,21.0,4300500.0
2627,Quirur.,Queratomileusis 20,20.0,3572200.0
2628,Quirur.,"Queratoplastia penetrante más cirugía combinada de catarata, antiglaucomatosa o lente intraocular 22",22.0,4980800.0
2629,Quirur.,Implante de prótesis corneana (queratoprótesis) 21,21.0,4300500.0
2640,Quirur.,Escleroqueratoplastia 20,20.0,3572200.0
2641,Quirur.,Escleroplastia 8,8.0,2080700.0
2642,Quirur.,Resección tumor de la esclerótica 8,8.0,2080700.0
2643,Quirur.,Sutura de esclerótica 8,8.0,2080700.0
2644,Quirur.,Sutura corneoesclera 8,8.0,2080700.0
2701,Quirur.,Iridectomía 8,8.0,2080700.0
2702,Quirur.,Iridodiálisis anterior 7,7.0,1893100.0
2703,Quirur.,Iridodiálisis posterior 7,7.0,1893100.0
2704,Quirur.,Iridotasis 7,7.0,1893100.0
2706,Quirur.,Resección tumor cuerpo ciliar 9,9.0,2376100.0
2707,Quirur.,Resección tumor iris 8,8.0,2080700.0
2720,Quirur.,Coreoplastia 8,8.0,2080700.0
2721,Quirur.,Fijación iris 8,8.0,2080700.0
2722,Quirur.,Iridoplastia 8,8.0,2080700.0
2723,Quirur.,Iridotomía por fotocoagulación 7,7.0,1893100.0
2730,Quirur.,Ciclodiatermia 8,8.0,2080700.0
2731,Quirur.,Sinequiotomía 6,6.0,1465700.0
2732,Quirur.,Ciclocrioterapia 8,8.0,2080700.0
2801,Quirur.,Ciclodiálisis 7,7.0,1893100.0
2802,Quirur.,Goniotomía 9,9.0,2376100.0
2804,Quirur.,Trabeculectomía (esclerectomía subescleral) 10,10.0,3170600.0
2805,Quirur.,Trabeculotomía 9,9.0,2376100.0
2806,Quirur.,Fotocoagulación del ángulo camerular (Trabeculoplastia) 7,7.0,1893100.0
2810,Quirur.,Retinopexias; incluye bucle escleral total o parcial 13,13.0,3886300.0
2811,Quirur.,"Retinopexia por crio, o diatermia 10",10.0,3170600.0
2812,Quirur.,"Fotocoagulación intraquirúrgica de retina, con laser 13",13.0,3886300.0
2813,Quirur.,Retinopexia; incluye bucle escleral total o parcial y gases 20,20.0,3572200.0
2814,Quirur.,"Retinopexia intraquirúrgica con laser; incluye bucle escleral total o parcial 21",21.0,4300500.0
2901,Quirur.,"Extracción catarata por facoemulsificación, más lente intraocular 21",21.0,4300500.0
2902,Quirur.,Inclusión secundaria de lente intraocular suturado 20,20.0,3572200.0
2903,Quirur.,"Extracción intracapsular o extracapsular de cristalino (excepto por facoemulsificación) 10",10.0,3170600.0
2904,Quirur.,Extracción de cristalino por facoemulsificación 13,13.0,3886300.0
2905,Quirur.,Extracción catarata más lente intraocular 20,20.0,3572200.0
2906,Quirur.,Inclusión secundaria de lente intraocular 12,12.0,3641200.0
2907,Quirur.,Capsulotomía 10,10.0,3170600.0
2908,Quirur.,Extracción catarata más lente intraocular suturado 21,21.0,4300500.0
2912,Quirur.,Vitrectomía más retinopexia 21,21.0,4300500.0
2913,Quirur.,Vitrectomía con inserción de silicón y/o gases 22,22.0,4980800.0
3101,Quirur.,Drenaje absceso de Bezold 5,5.0,1063500.0
3102,Quirur.,Extracción cuerpo extraño conducto auditivo externo con incisión 3,3.0,625000.0
3110,Quirur.,Resección apéndice pre auricular 3,3.0,625000.0
3111,Quirur.,Resección fístula pre auricular 7,7.0,1893100.0
3112,Quirur.,Resección quiste pabellón auricular 5,5.0,1063500.0
3113,Quirur.,Resección tumor benigno conducto auditivo externo 6,6.0,1465700.0
3114,Quirur.,"Resección tumor maligno conducto auditivo externo; incluye reconstrucción de la cavidad operatoria 13",13.0,3886300.0
3120,Quirur.,Corrección agenesia conducto auditivo externo 13,13.0,3886300.0
3121,Quirur.,Suturas heridas de pabellón auricular; incluye Cartílago 4,4.0,840100.0
3122,Quirur.,Estenosis secundaria a cirugía 11,11.0,3405400.0
3201,Quirur.,Miringocentesis con colocación de válvula o diábolo 6,6.0,1465700.0
3202,Quirur.,Miringotomía 3,3.0,625000.0
3220,Quirur.,Estapedectomía 21,21.0,4300500.0
3230,Quirur.,Injerto o anastomosis de nervio facial 22,22.0,4980800.0
3231,Quirur.,Descompresión nervio facial (2a y 3a porción) 20,20.0,3572200.0
3232,Quirur.,Mastoidectomía radical 13,13.0,3886300.0
3233,Quirur.,Mastoidectomía simple (ático antromastoidectomía) 12,12.0,3641200.0
3234,Quirur.,Mastoidectomía radical modificada 20,20.0,3572200.0
3240,Quirur.,Resección glomus yugularis (quemodectoma) 21,21.0,4300500.0
3301,Quirur.,"Laberintectomía; incluye diatermia, crioterapia, electrocoagulación, ultrasonido y vestibulotomía para tratamiento del vértigo (vía abierta) 22",22.0,4980800.0
3302,Quirur.,Laberintotomía (derivación saco endolinfático) 22,22.0,4980800.0
3310,Quirur.,"Cirugía del conducto auditivo interno; incluye neurectomía del nervio vestibular, resección neurinoma del acústico 22",22.0,4980800.0
3311,Quirur.,Prótesis: cóclea artificial o implantes coclares 23,23.0,7112200.0
3401,Quirur.,"Cirugía del escleroma nasal; incluye resección de masas tumorales, permeabilización de luz nasal, tratamiento quirúrgico de las secuelas 10",10.0,3170600.0
3404,Quirur.,"Resección tumor benigno de nariz; incluye polipectomía nasal, extracción rinolito 5",5.0,1063500.0
3405,Quirur.,"Resección tumor maligno de cavum (vía retrofaríngea o transpalatina) 20",20.0,3572200.0
3406,Quirur.,Cirugía de Eyries 12,12.0,3641200.0
3410,Quirur.,Cierre perforación septal; incluye injerto 12,12.0,3641200.0
3411,Quirur.,Drenaje absceso o hematoma tabique nasal 3,3.0,625000.0
3412,Quirur.,"Septoplastia; incluye extirpación, reposición cartílago y hueso del séptum 10",10.0,3170600.0
3420,Quirur.,Electrocoagulación nervio vidiano y/o extirpación por microcirugía 12,12.0,3641200.0
3421,Quirur.,Turbinoplastia 7,7.0,1893100.0
3423,Quirur.,Turbinectomía 6,6.0,1465700.0
3430,Quirur.,"Septorrinoplastia (para función respiratoria, no estética) 12",12.0,3641200.0
3431,Quirur.,Sutura herida de nariz; incluye cartílago y/o mucosa nasal 5,5.0,1063500.0
3440,Quirur.,Reducción fractura cerrada huesos propios 4,4.0,840100.0
3441,Quirur.,Reducción fractura abierta huesos propios 5,5.0,1063500.0
3450,Quirur.,"Cirugía para tratamiento de epistaxis; incluye ligadura carótida externa, ligadura etmoidales, ligadura maxilar interna 12",12.0,3641200.0
3451,Quirur.,Corrección atresia coanas 12,12.0,3641200.0
3452,Quirur.,Antrotomía intranasal 6,6.0,1465700.0
3453,Quirur.,Dermoplastia para epistaxis 12,12.0,3641200.0
3460,Quirur.,Frontotomía radical 8,8.0,2080700.0
3461,Quirur.,Operación de Lynch; incluye mucocele frontal 10,10.0,3170600.0
3462,Quirur.,Maxilo etmoidectomía 11,11.0,3405400.0
3463,Quirur.,Operación de Cadwell Luc (sinusotomía maxilar) 8,8.0,2080700.0
3464,Quirur.,Cirugía endoscópica transnasal 20,20.0,3572200.0
3465,Quirur.,Microcirugía de la fosa pterigomaxilar 21,21.0,4300500.0
3466,Quirur.,Esfenoidotomía 10,10.0,3170600.0
3467,Quirur.,Etmoidectomía externa 7,7.0,1893100.0
3468,Quirur.,Etmoidectomía intranasal 9,9.0,2376100.0
3469,Quirur.,Maxilectomía superior 12,12.0,3641200.0
3501,Quirur.,"Laringotomía (Laringofisura); incluye para extracción de cuerpo extraño 9",9.0,2376100.0
3502,Quirur.,Traqueostomía 12,12.0,3641200.0
3510,Quirur.,Resección lesión laringe; incluye popilomatosis laringea 10,10.0,3170600.0
3511,Quirur.,Resección lesión tráquea 10,10.0,3170600.0
3512,Quirur.,Decorticación de las cuerdas vocales 10,10.0,3170600.0
3530,Quirur.,Laringuectomía total 20,20.0,3572200.0
3531,Quirur.,Laringofaringuectomía 21,21.0,4300500.0
3540,Quirur.,Anastomosis laringo tráqueal término terminal 12,12.0,3641200.0
3541,Quirur.,Aplicación molde laríngeo 7,7.0,1893100.0
3542,Quirur.,Aritenoídopexia 10,10.0,3170600.0
3543,Quirur.,Extracción molde laríngeo 5,5.0,1063500.0
3544,Quirur.,Laringoplastia 12,12.0,3641200.0
3545,Quirur.,Laringorrafia 10,10.0,3170600.0
3550,Quirur.,"Laringuectomía parcial; incluye hemilaringuectomía frontal, frontolateral, horizontal o cordectomía 12",12.0,3641200.0
3570,Quirur.,Reconstrucción plástica de la tráquea 12,12.0,3641200.0
3580,Quirur.,Cierre de fístula tráqueal 8,8.0,2080700.0
3581,Quirur.,Traqueorrafia 8,8.0,2080700.0
3582,Quirur.,Dilatación de la laringe (sesión) 3,3.0,625000.0
3583,Quirur.,Dilatación de la tráquea (sesión) 3,3.0,625000.0
3584,Quirur.,Inyección intracordal de teflón o similar 12,12.0,3641200.0
3585,Quirur.,Sección de adherencia de laringe (sinequiotomía anterior) 9,9.0,2376100.0
3586,Quirur.,Sección de membrana congénita de laringe 10,10.0,3170600.0
3601,Quirur.,Amigdalectomía 7,7.0,1893100.0
3602,Quirur.,Adenoamigdalectomía 8,8.0,2080700.0
3603,Quirur.,Adenoidectomía 6,6.0,1465700.0
3630,Quirur.,Control hemorragia post amigdalectomía 6,6.0,1465700.0
3631,Quirur.,Extracción cuerpo extraño amígdalas 3,3.0,625000.0
3632,Quirur.,Operación de monobloque 12,12.0,3641200.0
3640,Quirur.,Drenaje absceso faríngeo 3,3.0,625000.0
3641,Quirur.,Drenaje absceso laterofaríngeo (vía externa) 5,5.0,1063500.0
3642,Quirur.,Resección divertículo faringoesofágico 13,13.0,3886300.0
3643,Quirur.,Resección fístula faríngea 10,10.0,3170600.0
3644,Quirur.,Resección amígdala lingual; incluye electrofulguración 7,7.0,1893100.0
3645,Quirur.,Resección tumor benigno de faringe 10,10.0,3170600.0
3646,Quirur.,Resección tumor maligno de faringe 12,12.0,3641200.0
3660,Quirur.,Cierre fístula branquial 10,10.0,3170600.0
3661,Quirur.,Corrección de estenosis nasofaríngea 10,10.0,3170600.0
3670,Quirur.,Dilatación faringe (sesión) 3,3.0,625000.0
3671,Quirur.,"Extirpación de bandas faríngeas; incluye electro fulguración, membrana congénita 6",6.0,1465700.0
3672,Quirur.,Extracción cuerpo extraño enclavado en faringe (por vía externa) 9,9.0,2376100.0
4101,Quirur.,Drenaje absceso tiroideo 4,4.0,840100.0
4102,Quirur.,"Exploración cuello (cuando no se practica otra intervención específica) 10",10.0,3170600.0
4110,Quirur.,Tiroidectomía sub total; incluye lobectomía tiroidea total o parcial 11,11.0,3405400.0
4111,Quirur.,Tiroidectomía sub total y vaciamiento radical de cuello 13,13.0,3886300.0
4112,Quirur.,Tiroidectomía total 12,12.0,3641200.0
4113,Quirur.,Tiroidectomía total y vaciamiento radical de cuello 13,13.0,3886300.0
4114,Quirur.,Vaciamiento unilateral de cuello 11,11.0,3405400.0
4115,Quirur.,Vaciamiento bilateral de cuello 13,13.0,3886300.0
4116,Quirur.,Vaciamiento suprahiodeo de cuello 10,10.0,3170600.0
4120,Quirur.,Resección conducto tirogloso 9,9.0,2376100.0
4121,Quirur.,Resección fístula tiroglosa 9,9.0,2376100.0
4122,Quirur.,Resección quiste tirogloso 9,9.0,2376100.0
4130,Quirur.,Paratiroidectomía parcial o total 13,13.0,3886300.0
5101,Quirur.,Exploración vaso periférico (de grueso calibre) 8,8.0,2080700.0
5102,Quirur.,Trombectomía vaso periférico (de grueso calibre) 10,10.0,3170600.0
5103,Quirur.,Angioplastia periférica 12,12.0,3641200.0
5104,Quirur.,Trombolisis periférica 5,5.0,1063500.0
5110,Quirur.,"Endarterectomía de vasos periféricos (de grueso calibre); incluye resección de la íntima tromboendarterectomía con: parche de injerto sintético o venoso 12",12.0,3641200.0
5120,Quirur.,Arteriectomía periférica (de grueso calibre) 9,9.0,2376100.0
5121,Quirur.,Venectomía periférica (de grueso calibre) 8,8.0,2080700.0
5130,Quirur.,Fleboextracción y/o ligadura múltiples 9,9.0,2376100.0
5131,Quirur.,Ligadura sub aponeurótica sin injerto cutáneo (Linton) 10,10.0,3170600.0
5132,Quirur.,Ligadura sub aponeurótica con injerto cutáneo 11,11.0,3405400.0
5140,Quirur.,Aneurismectomía periférica 13,13.0,3886300.0
5141,Quirur.,Escisión de fístula arteriovenosa periférica 13,13.0,3886300.0
5170,Quirur.,"Anastomosis venosa (vaso de grueso calibre); incluye anastomosis directa, anastomosis término terminal 12",12.0,3641200.0
5172,Quirur.,Angiorrafia de vasos periféricos (de grueso calibre) 10,10.0,3170600.0
5201,Quirur.,Extirpación de higroma quístico de cuello 12,12.0,3641200.0
5202,Quirur.,Extirpación de linfangioma de cuello 12,12.0,3641200.0
5210,Quirur.,Vaciamiento linfático abdomino inguinal 13,13.0,3886300.0
5211,Quirur.,Vaciamiento linfático inguino ilíaco 13,13.0,3886300.0
5212,Quirur.,Vaciamiento linfático cuello 13,13.0,3886300.0
5213,Quirur.,Vaciamiento linfático axilar 13,13.0,3886300.0
5220,Quirur.,Anastomosis de vasos linfáticos (de grueso calibre) 10,10.0,3170600.0
5221,Quirur.,Linfangioplastia (vaso de grueso calibre) 10,10.0,3170600.0
5222,Quirur.,Linfangiorrafia (vaso de grueso calibre) 10,10.0,3170600.0
5223,Quirur.,Transplante de linfáticos autógenos 12,12.0,3641200.0
5224,Quirur.,Derivación linfovenosa 12,12.0,3641200.0
5230,Quirur.,Cierre de fístula del conducto torácico 12,12.0,3641200.0
5231,Quirur.,Ligadura (obliteración) en el área ilíaca 12,12.0,3641200.0
5232,Quirur.,Ligadura del conducto torácico 12 2,2.0,528600.0
5301,Quirur.,Exploración quirúrgica vasos sanguíneos cabeza y cuello 9,9.0,2376100.0
5310,Quirur.,"Endarterectomía en la cabeza, cuello o base del encéfalo; incluye extracción del trombo o arterioesclerótico, resección de la íntima 13",13.0,3886300.0
5320,Quirur.,"Aneurismectomía vasos de la cabeza, cuello o base del encéfalo 20",20.0,3572200.0
5321,Quirur.,"Fistulectomía arteriovenosa de la cabeza, cuello o base del encéfalo; incluye endoaneurismorrafia, extirpación (simple), ligadura completa, parcial o cuádruple, sutura término terminal (arterial) 13",13.0,3886300.0
5340,Quirur.,"Reconstrucción de arteria de la cabeza, del cuello o de la base del encéfalo (por medio de injerto) Por: Homoinjerto, artificial, autógeno de vena 13",13.0,3886300.0
5350,Quirur.,Ligadura de vasos del cuello (de grueso calibre) 13,13.0,3886300.0
5401,Quirur.,Exploración y/o trombectomía de vaso sanguíneo intraabdominal 13,13.0,3886300.0
5410,Quirur.,"Endarterectomía intraabdominal; incluye cierre simple, resección de la íntima con: extracción de trombo o de material arteriosclerótico, parche de injerto venoso 13",13.0,3886300.0
5420,Quirur.,"Aneurismectomía de aorta intraabdominal; incluye resección con injerto en parche 22",22.0,4980800.0
5421,Quirur.,"Aneurismectomía intraabdominal (excepto aorta); incluye aneurisma hipogástrico, extirpación fístula arteriovenosa (pélvica), resección o colocación de injerto en parche, sutura 20",20.0,3572200.0
5440,Quirur.,"Reconstrucción de arteria intraabdominal por medio de injerto; incluye derivaciones aorto femoral y aorto ilíaca con homoinjerto o injerto sintético simple o en Y 22",22.0,4980800.0
5441,Quirur.,Derivación aorto poplítea 22,22.0,4980800.0
5442,Quirur.,"Derivación aorto renal por injerto en Y, o de aorta a las dos arterias renales 22",22.0,4980800.0
5443,Quirur.,"Anastomosis de aorta intraabdominal; incluye anastomosis arterial directa, arterioplastia por injerto en parche sin endarterectomía asociada (estenosis renal) 12",12.0,3641200.0
5444,Quirur.,Anastomosis venosa intraabdominal 21,21.0,4300500.0
5501,Quirur.,Exploración y/o trombectomía 12,12.0,3641200.0
5510,Quirur.,"Endarterectomía intratorácica; incluye tromboendarterectomía (aorta) 12",12.0,3641200.0
5520,Quirur.,"Aneurisma vaso intratorácico; incluye aorta ascendente con circulación extracorpórea, escisión del aneurisma, extirpación de fístula, reemplazo con injerto (teflón), resección con injerto (parche) 23",23.0,7112200.0
5521,Quirur.,"Aneurisma de vaso intratorácico; incluye aorta descendente sin circulación extracorpórea 22",22.0,4980800.0
5530,Quirur.,"Reparación y/o anastomosis de la aorta torácica o de arteria pulmonar; incluye ampliación de la luz de la aorta, anastomosis de la arteria pulmonar derecha con aorta ascendente y pulmonar izquierda (Potts Smith), subclavia pulmonar (Blalock Taussing), c 22",22.0,4980800.0
5531,Quirur.,Sección y sutura de conducto arterioso persistente 22,22.0,4980800.0
5532,Quirur.,Ligadura de conducto arterioso persistente 21,21.0,4300500.0
5540,Quirur.,"Reconstrucción de arteria intratorácica por medio de injerto; incluye cayado de la aorta, injerto: de derivación, de reemplazo, sintético (dracrón, nylon); tronco braquiocefálico por: homoinjerto arterial, injerto autógeno de vena (safena), injerto sintét 22",22.0,4980800.0
5550,Quirur.,"Implantación Clamp Michel Sombrilla (para prevenir embolia Pulmonar) 13",13.0,3886300.0
5551,Quirur.,Trombólisis mediante cateterismo 12,12.0,3641200.0
5601,Quirur.,Extracción cuerpo extraño intracardíaco 23,23.0,7112200.0
5602,Quirur.,Extracción cuerpo extraño intrapericárdico 13,13.0,3886300.0
5603,Quirur.,Ventana Pericárdica 13,13.0,3886300.0
5610,Quirur.,Extirpación de quiste pericárdico 22,22.0,4980800.0
5611,Quirur.,Extirpación de tumor del miocardio 23,23.0,7112200.0
5612,Quirur.,Extirpación de tumor del pericardio 22,22.0,4980800.0
5613,Quirur.,Pericardiectomía 22,22.0,4980800.0
5614,Quirur.,Resección de aneurisma ventricular 23,23.0,7112200.0
5620,Quirur.,Valvulotomías y/o valvuloplastias 23,23.0,7112200.0
5622,Quirur.,Cambios valvulares con aplicación de prótesis 23,23.0,7112200.0
5650,"7.1. Pared Del Tórax, Pleura Y Mediastino",Atrioseptoplastias sin aplicación de prótesis 23,23.0,7112200.0
5651,"7.1. Pared Del Tórax, Pleura Y Mediastino",Atrioseptoplastias con aplicación de prótesis 23,23.0,7112200.0
5652,"7.1. Pared Del Tórax, Pleura Y Mediastino",Ventrículo septoplastias sin aplicación de prótesis 23,23.0,7112200.0
5653,"7.1. Pared Del Tórax, Pleura Y Mediastino",Ventrículo septoplastias con aplicación de prótesis 23,23.0,7112200.0
5654,"7.1. Pared Del Tórax, Pleura Y Mediastino",Corrección total cardiopatías congénitas complejas 23,23.0,7112200.0
5670,"7.1. Pared Del Tórax, Pleura Y Mediastino",Cardiorrafia 12,12.0,3641200.0
5680,"7.1. Pared Del Tórax, Pleura Y Mediastino",Bypass coronario (aorto coronario con vena safena) 23,23.0,7112200.0
5681,"7.1. Pared Del Tórax, Pleura Y Mediastino",Endarterectomía coronaria (tromboendarterectomía) 23,23.0,7112200.0
5682,"7.1. Pared Del Tórax, Pleura Y Mediastino",Bypass coronario con mamaria interna 23,23.0,7112200.0
5701,"7.1. Pared Del Tórax, Pleura Y Mediastino",Implantación de marcapaso con electrodo epicárdico 12,12.0,3641200.0
5702,"7.1. Pared Del Tórax, Pleura Y Mediastino",Colocación y manejo de balón intraórtico 12,12.0,3641200.0
5704,"7.1. Pared Del Tórax, Pleura Y Mediastino",Ligadura de fístula arterio venosa coronaria 22,22.0,4980800.0
5705,"7.1. Pared Del Tórax, Pleura Y Mediastino",Implantación de desfibrilador 13,13.0,3886300.0
5706,"7.1. Pared Del Tórax, Pleura Y Mediastino","Cirugía para arritmias cardíacas: Crio-ablación intracavitaria Operación de mase para fibrilación auricular Resección subendocárdica Resección haces anómalos del sistema de conducción 23",23.0,7112200.0
5710,"7.1. Pared Del Tórax, Pleura Y Mediastino",Trasplante de corazón 23,23.0,7112200.0
5711,"7.1. Pared Del Tórax, Pleura Y Mediastino",Cardiectomía (donante) 23,23.0,7112200.0
6101,7.3. Pulmón,"Toracostomía simple (con o sin resección de costilla); incluye liberación adherencias 9",9.0,2376100.0
6102,7.3. Pulmón,Toracostomía con drenaje cerrado 4,4.0,840100.0
6103,7.3. Pulmón,Toracostomía con drenaje abierto 6,6.0,1465700.0
6105,7.3. Pulmón,Costocondrectomía 9,9.0,2376100.0
6106,7.3. Pulmón,Resección de costilla (una o más) 9,9.0,2376100.0
6107,7.3. Pulmón,Toracoplastia con resección costal 13,13.0,3886300.0
6110,7.3. Pulmón,"Mediastinotomía para drenaje de mediastino, extracción cuerpo extraño mediastinal o resección tumor del mediastino 12",12.0,3641200.0
6111,7.3. Pulmón,Timectomía 20,20.0,3572200.0
6120,7.3. Pulmón,Pleurectomía; incluye decorticación pulmonar y/o resección de bulas 20,20.0,3572200.0
6201,7.3. Pulmón,"Exploración de bronquio por toracostomía; incluye extracción de cuerpo extraño 12",12.0,3641200.0
6210,7.3. Pulmón,Resección tumor de bronquio por toracostomía 13,13.0,3886300.0
6220,7.3. Pulmón,Broncoplastia 21,21.0,4300500.0
6221,7.3. Pulmón,Broncorrafia 13,13.0,3886300.0
6222,7.3. Pulmón,Cierre de broncostomía 13,13.0,3886300.0
6223,7.3. Pulmón,"Cierre de fístula bronquial; incluye fístula broncocutánea, fístula broncopleural 13",13.0,3886300.0
6310,Quirur.,Lobectomía segmentaria 13,13.0,3886300.0
6311,Quirur.,Lobectomía total 20,20.0,3572200.0
6312,Quirur.,Lobectomía parcial (resección en cuña) 11,11.0,3405400.0
6313,Quirur.,Neumectomía simple 20,20.0,3572200.0
6314,Quirur.,Neumectomía radical 22,22.0,4980800.0
6320,Quirur.,Neumorrafia 10,10.0,3170600.0
6321,Quirur.,Sección intratorácica nervio frénico 7,7.0,1893100.0
6322,Quirur.,Extracción cuerpo extraño en pulmón 10,10.0,3170600.0
6330,Quirur.,Trasplante pulmón uni o bilateral o con corazón 23,23.0,7112200.0
6331,Quirur.,Neumectomía uni o bilateral (donante) 23,23.0,7112200.0
6401,Quirur.,Esófagotomía; incluye drenaje absceso de esófago 8,8.0,2080700.0
6402,Quirur.,"Esófagostomía; incluye cervical, fistulización (externa) 9",9.0,2376100.0
6403,Quirur.,Extracción cuerpo extraño de esófago (vía abierta) 13,13.0,3886300.0
6410,Quirur.,Diverticulectomía de esófago 13,13.0,3886300.0
6411,Quirur.,Resección tumor de esófago (vía abierta) 21,21.0,4300500.0
6420,Quirur.,"Esofagectomía; incluye parcial, total 22",22.0,4980800.0
6421,Quirur.,Esófagogastrectomía 22,22.0,4980800.0
6440,Quirur.,"Anastomosis supra torácica en esófago; incluye esófago gastrostomía supra esternal, interposición de: asa yeyunal, colon 22",22.0,4980800.0
6450,Quirur.,Cierre de fístula traqueoesofágica 13,13.0,3886300.0
6451,Quirur.,Esofagoplastia con ascenso de estómago (esófago gastroplastia) 13,13.0,3886300.0
6452,Quirur.,Esófagorrafia por toracotomía 13,13.0,3886300.0
6453,Quirur.,"Esofagoplastia con inserción de tubo de silicón a través de esófago (paliativa) 12",12.0,3641200.0
6460,Quirur.,Ligadura transtorácica de várices esofágicas 21,21.0,4300500.0
6461,Quirur.,Operación de Heller para la acalasia 13,13.0,3886300.0
7101,Quirur.,Cierre evisceración 9,9.0,2376100.0
7102,Quirur.,Herniorrafia inguinal (excepto recidiva) 7,7.0,1893100.0
7103,Quirur.,Herniorrafia inguinal por recidiva 8,8.0,2080700.0
7104,Quirur.,Herniorrafia femoral o crural (excepto recidiva) 7,7.0,1893100.0
7105,Quirur.,Herniorrafia femoral o crural por recidiva 9,9.0,2376100.0
7106,Quirur.,Eventrorrafia; incluye malla de Marles 9,9.0,2376100.0
7107,Quirur.,"Herniorrafia epigástrica (excepto recidiva);incluye herniorrafia de Spiegel 5",5.0,1063500.0
7108,Quirur.,Herniorrafia epigástrica por recidiva 6,6.0,1465700.0
7109,Quirur.,Herniorrafia umbilical; incluye Recidiva 6,6.0,1465700.0
7112,8.2. Hígado Y Vías Biliares,Herniorrafia lumbar 7,7.0,1893100.0
7113,8.2. Hígado Y Vías Biliares,Herniorrafia obturadora 7,7.0,1893100.0
7114,8.2. Hígado Y Vías Biliares,Herniorrafia diafragmática por vía abdominal o torácica 13,13.0,3886300.0
7120,8.2. Hígado Y Vías Biliares,Drenaje absceso de pared abdominal 3,3.0,625000.0
7121,8.2. Hígado Y Vías Biliares,Laparotomía exploradora 8,8.0,2080700.0
7122,8.2. Hígado Y Vías Biliares,Extirpación tumor benigno pared abdominal 3,3.0,625000.0
7140,8.2. Hígado Y Vías Biliares,"Drenaje absceso intraperitoneal; incluye epiplóico (omental), de fosa ilíaca, periesplénico, perigástrico 8",8.0,2080700.0
7141,8.2. Hígado Y Vías Biliares,Drenaje absceso retroperitoneal 8,8.0,2080700.0
7142,8.2. Hígado Y Vías Biliares,Drenaje peritonitis generalizada 9,9.0,2376100.0
7143,8.2. Hígado Y Vías Biliares,Drenaje absceso subfrénico o subdiafragmático (cualquier vía) 9,9.0,2376100.0
7144,8.2. Hígado Y Vías Biliares,Lavado peritoneal postquirúrgico 7,7.0,1893100.0
7160,8.2. Hígado Y Vías Biliares,Corrección onfalocele 12,12.0,3641200.0
7161,8.2. Hígado Y Vías Biliares,"Resección lesión del epiplón o mesenterio; incluye benigna, maligna 9",9.0,2376100.0
7162,8.2. Hígado Y Vías Biliares,Resección tumor retroperitoneal 13,13.0,3886300.0
7163,8.2. Hígado Y Vías Biliares,Corrección gastros chisis 12,12.0,3641200.0
7164,8.2. Hígado Y Vías Biliares,Colocación de malla 13,13.0,3886300.0
7180,8.2. Hígado Y Vías Biliares,Operación de Noble modificada 11,11.0,3405400.0
7190,8.2. Hígado Y Vías Biliares,Sección adherencias peritoneales 9,9.0,2376100.0
7201,8.3. Páncreas,Drenaje abierto de absceso hepático 8,8.0,2080700.0
7210,8.3. Páncreas,Resección quiste hidatídico 12,12.0,3641200.0
7211,8.3. Páncreas,Resección tumor hígado 13,13.0,3886300.0
7212,8.3. Páncreas,Hepatectomía segmentaria 13,13.0,3886300.0
7230,8.3. Páncreas,Hepatorrafia simple 9,9.0,2376100.0
7231,8.3. Páncreas,Hepatorrafia múltiple; incluye debridamiento y hemostasis 10,10.0,3170600.0
7232,8.3. Páncreas,Ligadura selectiva arteria hepática 9,9.0,2376100.0
7240,8.3. Páncreas,Trasplante de hígado 23,23.0,7112200.0
7241,8.3. Páncreas,Hepatectomía total (donante) 23,23.0,7112200.0
7250,8.3. Páncreas,Anastomosis de vías biliares 21,21.0,4300500.0
7251,8.3. Páncreas,Esfinteroplastia 20,20.0,3572200.0
7252,8.3. Páncreas,Reexploración de vías biliares; incluye colangiografía 20,20.0,3572200.0
7253,8.3. Páncreas,Reconstrucción de vías biliares 22,22.0,4980800.0
7254,8.3. Páncreas,Derivación bilio digestiva 22,22.0,4980800.0
7260,8.3. Páncreas,Colecistostomía; incluye extracción de los cálculos 8,8.0,2080700.0
7270,8.3. Páncreas,Colecistectomía 10,10.0,3170600.0
7271,8.3. Páncreas,Exploración de vías biliares (Tubo en T) 11,11.0,3405400.0
7272,8.3. Páncreas,Resección tumor vías biliares 21,21.0,4300500.0
7301,Quirur.,Drenaje absceso páncreas 9,9.0,2376100.0
7310,Quirur.,Pancreatectomía distal 12,12.0,3641200.0
7311,Quirur.,Pancreatoduodenectomía 21,21.0,4300500.0
7312,Quirur.,Pancreatectomía subtotal (operación de Child) 20,20.0,3572200.0
7313,Quirur.,"Resección lesión de páncreas; incluye fistulectomía, pancreatolitotomía 13",13.0,3886300.0
7320,Quirur.,"Anastomosis del páncreas; incluye cistoduodenostomía, cistogastrostomía, cistoyeyunostomía 13",13.0,3886300.0
7321,Quirur.,Pancreatoyeyunostomía lateral (operación de Puestow) 13,13.0,3886300.0
7330,Quirur.,Marsupialización quiste del páncreas 8,8.0,2080700.0
7340,Quirur.,Trasplante de páncreas 23,23.0,7112200.0
7341,Quirur.,Pancreatectomía (donante) 23,23.0,7112200.0
7401,Quirur.,Adrenalectomía (suprarrenalectomía); incluye parcial o total 13,13.0,3886300.0
7402,Quirur.,Resección tumor (feocromocitoma) glándula suprarrenal 13,13.0,3886300.0
7403,Quirur.,Toma de injerto para tratamiento parquinsonismo 13,13.0,3886300.0
7501,Quirur.,Esplenectomía 9,9.0,2376100.0
7510,Quirur.,Esplenorrafia 9,9.0,2376100.0
7601,Quirur.,Gastrostomía; incluye extracción cuerpo extraño 8,8.0,2080700.0
7610,Quirur.,"Piloroplatia; incluye pilororectomía anterior, piloromiotomía 9",9.0,2376100.0
7620,Quirur.,Gastrectomía parcial más vaguectomía 13,13.0,3886300.0
7621,Quirur.,Gastrectomía subtotal radical 21,21.0,4300500.0
7622,Quirur.,Gastrectomía total 22,22.0,4980800.0
7630,Quirur.,"Anastomosis del estómago; incluye gastroduodenostomía, gastroyeyunostomía 10",10.0,3170600.0
7640,Quirur.,Gastrorrafia 8,8.0,2080700.0
7641,Quirur.,Operación anti reflujo 13,13.0,3886300.0
7650,Quirur.,Vaguectomía selectiva y supraselectiva 12,12.0,3641200.0
7660,Quirur.,Cierre de fístula de gastroduodenostomía 12,12.0,3641200.0
7661,Quirur.,Cierre de fístula de gastroyeyunostomía 12,12.0,3641200.0
7662,Quirur.,Desvascularización gástrica 9,9.0,2376100.0
7701,Quirur.,Enterotomía; incluye extracción de cuerpo extraño 9,9.0,2376100.0
7702,Quirur.,Drenaje absceso de divertículo 8,8.0,2080700.0
7710,Quirur.,"Colostomía e ileostomía; incluye cecostomía, colostomía transversostomía, sigmoídostomía 9",9.0,2376100.0
7711,Quirur.,Ileostomía continente 12,12.0,3641200.0
7712,Quirur.,Duodenostomía 9,9.0,2376100.0
7720,Quirur.,Extirpación lesión local intestino 9,9.0,2376100.0
7721,Quirur.,Resección divertículo duodenal 9,9.0,2376100.0
7722,Quirur.,"Resección intestinal; incluye duodenectomía, enterocolectomía, enterectomía, yeyunectomía 9",9.0,2376100.0
7723,Quirur.,Resección de divertículo de Meckel 9,9.0,2376100.0
7724,Quirur.,"Colectomía subtotal; incluye hemicolectomía o ileocolectomía, sigmoidectomía, cecostomía 13",13.0,3886300.0
7725,Quirur.,Colectomía total 21,21.0,4300500.0
7730,Quirur.,Apendicetomía 7,7.0,1893100.0
7740,Quirur.,Anastomosis intestino delgado 9,9.0,2376100.0
7741,Quirur.,Anastomosis intestino delgado con grueso 9,9.0,2376100.0
7742,Quirur.,Anastomosis intestino grueso 9,9.0,2376100.0
7743,Quirur.,Enterorrafia 8,8.0,2080700.0
7760,Quirur.,Reducción vólvulo intestino 8,8.0,2080700.0
7761,Quirur.,Desinvaginación intestinal 8,8.0,2080700.0
7770,Quirur.,Corrección atresia intestinal 9,9.0,2376100.0
7771,Quirur.,Corrección malrotación intestinal 13,13.0,3886300.0
7800,Quirur.,Trasplante de médula ósea 21,21.0,4300500.0
8101,Quirur.,Drenaje absceso rectal 3,3.0,625000.0
8102,Quirur.,Extracción cuerpo extraño en recto por vía abdominal con colostomía 9,9.0,2376100.0
8103,Quirur.,Extracción cuerpo extraño en recto por vía rectal 3,3.0,625000.0
8104,Quirur.,Proctotomía con colostomía; incluye por vía abdominal o perineal. 10,10.0,3170600.0
8110,Quirur.,Drenaje absceso perirrectal 3,3.0,625000.0
8120,Quirur.,Cauterización rectal; incluye diatermia 3,3.0,625000.0
8121,Quirur.,Escisión mucosa rectal; incluye extirpación pólipos papilomas 4,4.0,840100.0
8130,Quirur.,Protectomía con colostomía 20,20.0,3572200.0
8131,Quirur.,Proctosigmoidectomía con colostomía; incluye abordaje perineal 21,21.0,4300500.0
8132,Quirur.,Protectomía parcial vía transacra (Kraske) 12,12.0,3641200.0
8133,Quirur.,Protectomía con descenso abdomino perineal 20,20.0,3572200.0
8134,Quirur.,Resección de proicidencia rectal cononastomosis vía perineal 13,13.0,3886300.0
8135,Quirur.,Protectomía completa para el megacolon 20,20.0,3572200.0
8136,Quirur.,Colectomía total más descenso ileal 23,23.0,7112200.0
8140,Quirur.,Proctopexia 8,8.0,2080700.0
8141,Quirur.,Proctoplastia con colostomía 10,10.0,3170600.0
8142,Quirur.,Proctorrafia 8,8.0,2080700.0
8143,Quirur.,Proctoplastia sin colostomía 9,9.0,2376100.0
8144,Quirur.,Descenso rectal por vía sagital posterior 23,23.0,7112200.0
8145,Quirur.,Descenso rectal por vía anterior y posterior 23,23.0,7112200.0
8151,Quirur.,Miomectomía anorrectal 5,5.0,1063500.0
8201,Quirur.,Drenaje absceso isquiorrectal 4,4.0,840100.0
8202,Quirur.,Drenaje absceso perianal 4,4.0,840100.0
8203,Quirur.,Esfinterotomía anal 4,4.0,840100.0
8210,Quirur.,Fistulectomía anal 7,7.0,1893100.0
8211,Quirur.,Resección fisura anal 6,6.0,1465700.0
8212,Quirur.,Resección tumor ano; incluye fulguración 6,6.0,1465700.0
8220,Quirur.,Hemorroidectomía externa 7,7.0,1893100.0
8221,Quirur.,Trombectomía por hemorroides 3,3.0,625000.0
8222,Quirur.,Hemorroidectomía mixta 8,8.0,2080700.0
8240,Quirur.,Anorrafia 3,3.0,625000.0
8241,Quirur.,Esfinteroplastia anal con colostomía 10,10.0,3170600.0
8242,Quirur.,Esfinterorrafia anal con colostomía 10,10.0,3170600.0
8243,Quirur.,Corrección atresia anal y rectal 10,10.0,3170600.0
8244,Quirur.,Esfinterorrafia anal sin colostomía 9,9.0,2376100.0
8245,Quirur.,Esfinteroplastia anal sin colostomía 9,9.0,2376100.0
8246,Quirur.,Reparo de incontinencia (Thiersch) 10,10.0,3170600.0
8250,Quirur.,Dilatación esfínter ano 3,3.0,625000.0
8260,Quirur.,Drenaje de quiste pilonidal 4,4.0,840100.0
8261,Quirur.,"Resección quiste pilonidal; incluye la efectuada por cierre parcial, extirpación abierta o marsupialización 7",7.0,1893100.0
9101,Quirur.,Nefrolitotomía 10,10.0,3170600.0
9102,Quirur.,Nefrostomía a cielo abierto 9,9.0,2376100.0
9103,Quirur.,Nefrolitotomía percutánea 20,20.0,3572200.0
9104,Quirur.,Nefrostomía percutánea 11,11.0,3405400.0
9110,Quirur.,Pielolitotomía 13,13.0,3886300.0
9111,Quirur.,Pielostomía 12,12.0,3641200.0
9112,Quirur.,Pielonefrostomía para cálculo coraliforme 13,13.0,3886300.0
9120,Quirur.,Drenaje absceso renal o perirrenal 10,10.0,3170600.0
9121,Quirur.,Lumbotomía exploradora 10,10.0,3170600.0
9140,Quirur.,Diverticulectomía calicial 13,13.0,3886300.0
9141,Quirur.,Nefrectomía parcial 13,13.0,3886300.0
9143,Quirur.,Nefrectomía radical 13,13.0,3886300.0
9144,Quirur.,Nefrectomía simple 11,11.0,3405400.0
9145,Quirur.,Nefrourecterectomía 12,12.0,3641200.0
9146,Quirur.,Nefroureterectomía con segmento vesical 13,13.0,3886300.0
9160,Quirur.,Anastomosis uretero calicial 13,13.0,3886300.0
9162,Quirur.,Nefrorrafia 9,9.0,2376100.0
9163,Quirur.,Pieloplastia 13,13.0,3886300.0
9164,Quirur.,Resección fístula reno-cutánea 12,12.0,3641200.0
9165,Quirur.,Resección fístula reno-viseral 13,13.0,3886300.0
9166,Quirur.,Pieloplastia por reintervención 13,13.0,3886300.0
9170,Quirur.,"Aspiración, resección o marsupialización, de quiste e inyección esclerosante (pecutánea) 7",7.0,1893100.0
9171,Quirur.,Nefropexia 10,10.0,3170600.0
9180,Quirur.,Colocación o retiro de cateter peritoneal 9,9.0,2376100.0
9183,Quirur.,"Construcción de fístula arteriovenosa con o sin injerto sintético o autólogo 13",13.0,3886300.0
9184,Quirur.,Implantación de cánula arteriovenosa (Scribner) 8,8.0,2080700.0
9185,Quirur.,"Implantación de cáteter subclavio, femoral, yugular o peritoneal por punción 7",7.0,1893100.0
9190,Quirur.,Trasplante renal 23,23.0,7112200.0
9191,Quirur.,Nefrectomía (donante) 20,20.0,3572200.0
9201,Quirur.,Exploración ureter 10,10.0,3170600.0
9202,Quirur.,Meatotomía ureteral abierta 10,10.0,3170600.0
9203,Quirur.,Ureterolitotomía (vía abierta) 12,12.0,3641200.0
9210,Quirur.,Diverticulectomía ureteral 12,12.0,3641200.0
9212,Quirur.,Resección de ureterocele (transuretral) 9,9.0,2376100.0
9213,Quirur.,Resección de ureterocele (vía abierta) 12,12.0,3641200.0
9214,Quirur.,Resección de fístula urétero-cutánea 12,12.0,3641200.0
9215,Quirur.,Resección de fístula urétero-viseral 12,12.0,3641200.0
9216,Quirur.,Ureterectomía residual 12,12.0,3641200.0
9220,Quirur.,Ureterostomía cutánea 12,12.0,3641200.0
9222,Quirur.,Ureteroenterostomía cutánea 22,22.0,4980800.0
9223,Quirur.,Ureteroneoileostomía cutánea 22,22.0,4980800.0
9224,Quirur.,"Ureteroneoproctostomía (anastomosis ureteres a recto aislado in situ) 22",22.0,4980800.0
9225,Quirur.,Reemplazo ureteral por intestino 22,22.0,4980800.0
9240,Quirur.,"Ureteroneocistostomía (anastomosis ureterovesical o reimplantación ureterovesical) 13",13.0,3886300.0
9241,Quirur.,Ureteroneocistostomía con técnica de alargamiento vesical 13,13.0,3886300.0
9242,Quirur.,Uretero ureterostomía 13,13.0,3886300.0
9250,Quirur.,Ureterolisis 10,10.0,3170600.0
9251,Quirur.,Pieloureterolisis con transposición intraperitoneal 13,13.0,3886300.0
9252,Quirur.,Ureteroplastia 13,13.0,3886300.0
9253,Quirur.,Ureterorrafia 8,8.0,2080700.0
9303,Quirur.,Cistotomía suprapúbica (talla vesical) 8,8.0,2080700.0
9310,Quirur.,Resección fulguración tumor vesical 12,12.0,3641200.0
9311,Quirur.,Resección cuello vesical 12,12.0,3641200.0
9320,Quirur.,Diverticulectomía de vejiga 12,12.0,3641200.0
9321,Quirur.,Plastia de cuello vesical 12,12.0,3641200.0
9322,Quirur.,Resección fulguración tumor vesical 12,12.0,3641200.0
9323,Quirur.,Resección transvesical cuello vesical 12,12.0,3641200.0
9330,Quirur.,Cistectomía parcial 11,11.0,3405400.0
9331,Quirur.,Cistectomía total 12,12.0,3641200.0
9332,Quirur.,Cistectomía radical (total más linfadenectomía más derivación.) 13,13.0,3886300.0
9333,Quirur.,Linfadenectomía retroperitoneal 13,13.0,3886300.0
9334,Quirur.,Exanteración pélvica completa 20,20.0,3572200.0
9340,Quirur.,Colocistoplastia (Sigmoídoplastía) 22,22.0,4980800.0
9341,Quirur.,Ileocistoplastia 22,22.0,4980800.0
9342,Quirur.,Ileo ceco cistoplastia 22,22.0,4980800.0
9343,Quirur.,Cistopexia vaginal 8,8.0,2080700.0
9344,Quirur.,Cistopexia retropúbica 12,12.0,3641200.0
9345,Quirur.,Gastrocistoplastia 20,20.0,3572200.0
9346,Quirur.,Cistouretropexia 8,8.0,2080700.0
9347,Quirur.,Cistouretropexia vaginal con control endoscópico 12,12.0,3641200.0
9350,Quirur.,Cistorrafia 8,8.0,2080700.0
9351,Quirur.,"Corrección fístula vesical, vésico entérica, vésico vaginal 12",12.0,3641200.0
9352,Quirur.,Vesicostomía cutánea 9,9.0,2376100.0
9353,Quirur.,Corección de fístula vésico-cutánea 11,11.0,3405400.0
9370,Quirur.,Correccion extrofia vesical 20,20.0,3572200.0
9371,Quirur.,Drenaje perivesical 8,8.0,2080700.0
9374,Quirur.,Tratamiento hidrostático para tumor vesical 10,10.0,3170600.0
9375,Quirur.,Resección por persistencia del uraco (Incluye quiste del uraco) 12,12.0,3641200.0
9401,Quirur.,Uretrolitotomía 10,10.0,3170600.0
9402,Quirur.,Uretrostomía 8,8.0,2080700.0
9403,Quirur.,Extracción cuerpo extraño uretral 10,10.0,3170600.0
9410,Quirur.,Extirpación carúnculas uretrales 5,5.0,1063500.0
9411,Quirur.,Meatoplastia 5,5.0,1063500.0
9412,Quirur.,Meatotomía uretral 5,5.0,1063500.0
9413,Quirur.,Resección de prolapso mucosa uretral 5,5.0,1063500.0
9420,Quirur.,Diverticulectomía uretral 12,12.0,3641200.0
9422,Quirur.,Uretrectomía radical 13,13.0,3886300.0
9423,Quirur.,Uretrectomía simple 10,10.0,3170600.0
9424,Quirur.,Uretrorrafia 9,9.0,2376100.0
9430,Quirur.,Resección de fístula uretro rectal 13,13.0,3886300.0
9431,Quirur.,Cierre de uretrostomía 6,6.0,1465700.0
9432,Quirur.,Uretrocistopexia retropúbica 11,11.0,3405400.0
9433,Quirur.,Uretroplastia 12,12.0,3641200.0
9434,Quirur.,Uretroplastia con otros tejidos 13,13.0,3886300.0
9435,Quirur.,Fistulectomía uretro-cutánea y uretroplastia 13,13.0,3886300.0
9436,Quirur.,Uretrocistopexia con control endoscópico 11,11.0,3405400.0
9437,Quirur.,Resección de fístula uretrocutánea 11,11.0,3405400.0
9438,Quirur.,Uretroplastia transpúbica 13,13.0,3886300.0
9450,Quirur.,Operación para incontinencia urinaria masculina 13,13.0,3886300.0
9452,Quirur.,Esfinterotomía 11,11.0,3405400.0
9453,Quirur.,Extirpación y/o electrofulguración lesiones uretrales (vía abierta) 10,10.0,3170600.0
9454,Quirur.,Resección de valvas congénitas uretrales (vía: abierta) 10,10.0,3170600.0
9455,Quirur.,Drenaje absceso periuretral 5,5.0,1063500.0
9456,Quirur.,Drenaje de absceso urinoso 12,12.0,3641200.0
9501,Quirur.,Drenaje perineal absceso próstata 8,8.0,2080700.0
9502,Quirur.,Prostatolitotomía 10,10.0,3170600.0
9510,Quirur.,Prostatectomía abierta 12,12.0,3641200.0
9511,Quirur.,Prostatectomía transuretral 13,13.0,3886300.0
9512,Quirur.,Prostatectomía radical 20,20.0,3572200.0
9513,Quirur.,Prostatocistectomía (seguida de derivación) 21,21.0,4300500.0
9514,Quirur.,Prostatectomía total 13,13.0,3886300.0
9520,Quirur.,Vesiculotomía seminal 13,13.0,3886300.0
9521,Quirur.,Vesiculectomía (espermatocistectomía) 13,13.0,3886300.0
9531,Quirur.,Linfadenectomía pélvica 13,13.0,3886300.0
9601,Quirur.,Hidrocelectomía 9,9.0,2376100.0
9602,Quirur.,"Incisión y/o drenaje del cordón espermático, escroto o testículo 6",6.0,1465700.0
9603,Quirur.,"Resección del hematocele; incluye cordón espermático, túnica vaginal 9",9.0,2376100.0
9604,Quirur.,Varicocelectomía 9,9.0,2376100.0
9605,Quirur.,Aspiración de hidrocele 6,6.0,1465700.0
9606,Quirur.,Cirugía genitales ambiguos 20,20.0,3572200.0
9620,Quirur.,Fistulectomía del escroto 8,8.0,2080700.0
9621,Quirur.,Fulguración de lesión escrotal 4,4.0,840100.0
9622,Quirur.,Resección parcial del escroto 10,10.0,3170600.0
9623,Quirur.,Resección total del escroto y reconstrucción con plastias cutáneas 13,13.0,3886300.0
9624,Quirur.,Drenaje de absceso escrotal o perineal. 5,5.0,1063500.0
9630,Quirur.,Criptorquidectomía 9,9.0,2376100.0
9631,Quirur.,Orquidectomía 9,9.0,2376100.0
9632,Quirur.,Orquidectomía radical 9,9.0,2376100.0
9633,Quirur.,"Linfadenectomía retroperitoneal; incluye clasificatoria, cistorreductora 12",12.0,3641200.0
9640,Quirur.,Implante prótesis 7,7.0,1893100.0
9641,Quirur.,Orquidorrafia 9,9.0,2376100.0
9642,Quirur.,Implante de testículo en tejidos vecinos por destrucción del escroto 13,13.0,3886300.0
9650,Quirur.,Fijación testicular profiláctica 8,8.0,2080700.0
9651,Quirur.,Orquidopexia 10,10.0,3170600.0
9660,Quirur.,Extracción cuerpo extraño del escroto 5,5.0,1063500.0
9661,Quirur.,"Extracción cuerpo extraño del testículo cordón espermático, túnica vaginal 9",9.0,2376100.0
9662,Quirur.,Reducción quirúrgica torsión del cordón espermático 9,9.0,2376100.0
9663,Quirur.,Resección de apéndice testicular 9,9.0,2376100.0
9664,Quirur.,Resección quiste sebáceo escroto 4,4.0,840100.0
9665,Quirur.,Sutura herida escroto 4,4.0,840100.0
9701,Quirur.,Vasectomía (deferentectomía) 5,5.0,1063500.0
9703,Quirur.,Epididimectomía 9,9.0,2376100.0
9704,Quirur.,Epididimovasostomía 13,13.0,3886300.0
9705,Quirur.,Espermatocelectomía (Resección quiste del epidídimo) 9,9.0,2376100.0
9706,Quirur.,Incisión y drenaje del epidídimo 7,7.0,1893100.0
9707,Quirur.,Reconstrucción de conducto deferente seccionado (vasovasostomía) 13,13.0,3886300.0
9801,Quirur.,Prepuciotomía; incluye reducción quirúrgica de parafimosis 7,7.0,1893100.0
9802,Quirur.,Fulguración de condilomas venéreos 4,4.0,840100.0
9803,Quirur.,Circuncisión 6,6.0,1465700.0
9810,Quirur.,Amputación parcial del pene 10,10.0,3170600.0
9811,Quirur.,Amputación total del pene 12,12.0,3641200.0
9812,Quirur.,Amputación total del pene; incluye linfadenectomía 13,13.0,3886300.0
9820,Quirur.,Corrección epispadias o hipospadias 20,20.0,3572200.0
9821,Quirur.,Extirpación de Cordée (cuerda) 7,7.0,1893100.0
9822,Quirur.,Extirpación de nódulos de la enfermedad de Peyronie 10,10.0,3170600.0
9823,Quirur.,"Extirpación de nódulos de la enfermedad de Peyronie con injerto de piel 13",13.0,3886300.0
9824,Quirur.,Retiro de prótesis peneana 11,11.0,3405400.0
9825,Quirur.,"Implante intracavernoso para tratamiento quirúrgico de la impotencia 13",13.0,3886300.0
9826,Quirur.,Plastia del frenillo peneal 4,4.0,840100.0
9827,Quirur.,Reconstrucción peneana 13,13.0,3886300.0
9828,Quirur.,Corrección de angulación peneana 7,7.0,1893100.0
9829,Quirur.,Inyección de placas de fibrosis de pene 3,3.0,625000.0
9840,Quirur.,Incisión y drenaje flegmón peneano 6,6.0,1465700.0
9841,Quirur.,"Intervenciones para priapismo; incluye punción o drenaje cuerpos cavernosos 10",10.0,3170600.0
9842,Quirur.,Derivación safeno cavernosa o cavernosa esponjosa para priapismo 13,13.0,3886300.0
9843,Quirur.,Sutura herida pene 6,6.0,1465700.0
10101,Quirur.,Mastotomía; incluye drenaje de la mama 3,3.0,625000.0
10102,Quirur.,Extracción cuerpo extraño mama; incluye granuloma 4,4.0,840100.0
10111,Quirur.,Mastectomía radical modificada o simple ampliada con implante 12,12.0,3641200.0
10112,Quirur.,Mastectomía radical modificada o simple ampliada sin implante 11,11.0,3405400.0
10113,Quirur.,Mastectomía radical 12,12.0,3641200.0
10114,Quirur.,Estirpación fibroadenoma 5,5.0,1063500.0
10116,Quirur.,Cuadrantectomía con o sin vaciamiento 9,9.0,2376100.0
10117,Quirur.,Resección quiste 5,5.0,1063500.0
10120,Quirur.,Escisión tejido aberrante mama (glándula supernumeraria) 5,5.0,1063500.0
10121,Quirur.,Resección ginecomastia 6,6.0,1465700.0
11101,Quirur.,Ooforostomía; incluye drenaje de absceso o quiste 7,7.0,1893100.0
11110,Quirur.,Resección cuneiforme de ovario 7,7.0,1893100.0
11111,Quirur.,Resección quiste o tumor de ovario 7,7.0,1893100.0
11112,Quirur.,Resección quiste paraovárico 7,7.0,1893100.0
11113,Quirur.,Resección quiste o tumor de ovario y biopsia contralateral 8,8.0,2080700.0
11120,Quirur.,Ooforectomía 7,7.0,1893100.0
11121,Quirur.,Salpingooforectomía 7,7.0,1893100.0
11130,Quirur.,Ooforopexia 7,7.0,1893100.0
11131,Quirur.,Ooforoplastia 7,7.0,1893100.0
11132,Quirur.,Oofororrafia 7,7.0,1893100.0
11201,Quirur.,Salpingectomía 7,7.0,1893100.0
11210,Quirur.,Salpingohisterostomía 10,10.0,3170600.0
11211,Quirur.,Salpingooforostomía 10,10.0,3170600.0
11212,Quirur.,Salpingostomía y anastomosis trompa de Falopio (Microcirugía) 10,10.0,3170600.0
11213,Quirur.,Salpingostomía y drenaje trompa de Falopio 10,10.0,3170600.0
11220,Quirur.,Salpingoplastia; incluye uso de dispositivos protésicos 10,10.0,3170600.0
11221,Quirur.,Salpingorrafia 10,10.0,3170600.0
11222,Quirur.,Salpingooforoplastia (operación de Estes) 10,10.0,3170600.0
11230,Quirur.,Hidrotubación trompa de Falopio 2,2.0,528600.0
11231,Quirur.,Insuflación trompa de Falopio 2,2.0,528600.0
11240,Quirur.,Resección de tumor trompa de Falopio 7,7.0,1893100.0
11241,Quirur.,"Resección adherencia trompa de Falopio (salpingolisis con microcirugía) 10",10.0,3170600.0
11242,Quirur.,Sección y/o ligadura de trompa de falopio (Pomeroy) 6,6.0,1465700.0
11300,Quirur.,Drenaje de absceso o hematoma 6,6.0,1465700.0
11301,Quirur.,Extirpación tumor de ligamento ancho 9,9.0,2376100.0
11302,Quirur.,Histeropexia 7,7.0,1893100.0
11400,Quirur.,"Histerotomía total abdominal, por endometritis 8",8.0,2080700.0
11401,Quirur.,Histerotomía 7,7.0,1893100.0
11402,Quirur.,Traquelectomía 4,4.0,840100.0
11410,Quirur.,Miomectomía 11,11.0,3405400.0
11411,Quirur.,Extirpación pólipo cuello uterino 3,3.0,625000.0
11412,Quirur.,"Extracción cuerpo extraño intrauterino; incluye dispositivos anticonceptivos 3",3.0,625000.0
11413,Quirur.,Resección de pólipo endometrial 3,3.0,625000.0
11430,Quirur.,Legrado uterino ginecológico (terapéutico o diagnóstico) 3,3.0,625000.0
11440,Quirur.,Amputación del cérvix 5,5.0,1063500.0
11441,Quirur.,Conización 5,5.0,1063500.0
11442,Quirur.,Cerclaje del istmo (orificio interno cuello) 5,5.0,1063500.0
11460,Quirur.,Histeroplastia (operación de Strasman) 12,12.0,3641200.0
11461,Quirur.,Histerorrafia 7,7.0,1893100.0
11462,Quirur.,Traqueloplastia 5,5.0,1063500.0
11470,Quirur.,Histerectomía abdominal (total o subtotal) 11,11.0,3405400.0
11471,Quirur.,Histerectomía abdominal radical 13,13.0,3886300.0
11472,Quirur.,Histerectomía abdominal ampliada 12,12.0,3641200.0
11473,Quirur.,Histerectomía vaginal 11,11.0,3405400.0
11474,Quirur.,Histerectomía vaginal radical 12,12.0,3641200.0
11475,Quirur.,Liberación de adherencias del útero 7,7.0,1893100.0
11476,Quirur.,Exenteración o evisceración pélvica 20,20.0,3572200.0
11477,Quirur.,Extracción de dispositivo perdido extrauterino intraabdominal 9,9.0,2376100.0
11478,Quirur.,Implantación intrauterina de platinas radioactivas 4,4.0,840100.0
11500,Quirur.,Drenaje absceso o hematoma cúpula vaginal 4,4.0,840100.0
11501,Quirur.,Colpotomía (incisión del fondo de saco de Douglas) 3,3.0,625000.0
11502,Quirur.,Drenaje vagina 3,3.0,625000.0
11503,Quirur.,Incisión de septum vaginal 5,5.0,1063500.0
11504,Quirur.,Vaginoperineotomía 5,5.0,1063500.0
11520,Quirur.,Colpectomía 8,8.0,2080700.0
11521,Quirur.,Colpocleisis 7,7.0,1893100.0
11522,Quirur.,Extirpación del tabique vaginal 6,6.0,1465700.0
11523,Quirur.,Himenectomía 3,3.0,625000.0
11524,Quirur.,Vaginectomía 12,12.0,3641200.0
11525,Quirur.,Resección tumor benigno de vagina 6,6.0,1465700.0
11530,Quirur.,Cierre fístula vaginal (por cualquier vía) 11,11.0,3405400.0
11542,Quirur.,"Colporrafia posterior; incluye corrección quirúrgica de rectocele I, II y III 6",6.0,1465700.0
11543,Quirur.,"Operación de Manchester(colporrafia anterior con amputación de cuello) 9",9.0,2376100.0
11545,Quirur.,Uretrocolpopexia vía abdominal o vaginal 10,10.0,3170600.0
11546,Quirur.,Colpopexia; incluye prolapso de cúpula con muñón restante 11,11.0,3405400.0
11550,Quirur.,Construcción vagina artificial 13,13.0,3886300.0
11551,Quirur.,Reconstrucción vagina 10,10.0,3170600.0
11600,Quirur.,Drenaje absceso de episiorrafia 3,3.0,625000.0
11601,Quirur.,Drenaje absceso glándula de Bartholín 2,2.0,528600.0
11602,Quirur.,Extracción cuerpo extraño periné 3,3.0,625000.0
11603,Quirur.,Extracción cuerpo extraño vulva 3,3.0,625000.0
11610,Quirur.,Fulguración vulva 2,2.0,528600.0
11611,Quirur.,Resección glándula de Skene 6,6.0,1465700.0
11612,Quirur.,"Resección tumor benigno vulva; incluye tumores de periné, tumores paravaginales 7",7.0,1893100.0
11613,Quirur.,"Limpieza, debridamiento y cierre de dehiscencia de episiorrafia 4",4.0,840100.0
11620,Quirur.,Resección glándula de Bartholín (Bartholinectomía) 6,6.0,1465700.0
11621,Quirur.,Drenaje absceso glándula de Bartholín y marsupialización 4,4.0,840100.0
11630,Quirur.,Clitoridectomía; incluye amputación parcial 5,5.0,1063500.0
11631,Quirur.,Vulvectomía radical; incluye linfadenectomía extraperitoneal 13,13.0,3886300.0
11632,Quirur.,Vulvectomía simple 10,10.0,3170600.0
11633,Quirur.,Resección de endometrioma perineal 5,5.0,1063500.0
11634,Quirur.,Resección granuloma vulvo-perineal 4,4.0,840100.0
11640,Quirur.,Cierre fístula perineal 8,8.0,2080700.0
11641,Quirur.,Corrección desgarroperineal en atención del parto 8,8.0,2080700.0
11642,Quirur.,"Corrección desgarro perineall I o II, sin atención del parto 5",5.0,1063500.0
12101,Quirur.,Parto normal incluye episiorrafia y/o perineorrafia 7,7.0,1893100.0
12102,Quirur.,Parto intervenido (forceps o espátulas) 7,7.0,1893100.0
12103,Quirur.,"Extracción de placenta, sin atención del parto 3",3.0,625000.0
12110,Quirur.,Cesárea 8,8.0,2080700.0
12111,Quirur.,"Legrado uterino (obstétrico); incluye por aborto aborto incompleto o endometritis puerperal 4",4.0,840100.0
12112,Quirur.,Amniocentesis 3,3.0,625000.0
12113,Quirur.,Resección embarazo ectópico 8,8.0,2080700.0
13100,Quirur.,"Drenaje, curetaje, secuestrectomía, de escápula y clavícula 5",5.0,1063500.0
13101,Quirur.,"Drenaje, curetaje, secuestrectomía, de húmero 8",8.0,2080700.0
13102,Quirur.,"Extracción de depósitoscalcáneos o bursa subdeltoideos o intratendinosos 5",5.0,1063500.0
13103,Quirur.,Liberación retracción escapular para parálisis ERB (técnica Sever) 8,8.0,2080700.0
13104,Quirur.,"Artrotomía con exploración, drenaje, biopsia cuerpo extraño o sinovectomía, de articulación glenohumeral (hombro) 8",8.0,2080700.0
13105,Quirur.,"Artrotomía con exploración, drenaje, biopsia y extracción de cuerpo extraño, de articulación acromioclavicular o externo clavicular 5",5.0,1063500.0
13110,Quirur.,Extracción cuerpo extraño de escápula o clavícula 5,5.0,1063500.0
13111,Quirur.,Extracción cuerpo extraño de húmero 7,7.0,1893100.0
13112,Quirur.,"Extracción no quirúrgica de material de osteosíntesis en hombro o brazo 3",3.0,625000.0
13113,Quirur.,Extracción quirúrgica de material de osteosíntesis en hombro o brazo 5,5.0,1063500.0
13120,Quirur.,Osteotomía en escápula o clavícula 7,7.0,1893100.0
13121,Quirur.,Osteotomía en húmero 9,9.0,2376100.0
13122,Quirur.,Hemidiafisectomía en clavícula 7,7.0,1893100.0
13123,Quirur.,Hemidiafisectomía en húmero 9,9.0,2376100.0
13124,Quirur.,Claviculectomía parcial o total 6,6.0,1465700.0
13130,Quirur.,Resección extremo acromión 7,7.0,1893100.0
13131,Quirur.,Resección extremos clavícula 7,7.0,1893100.0
13132,Quirur.,Resección epicóndilo o epitróclea 7,7.0,1893100.0
13140,Quirur.,Injerto óseo en clávicula 8,8.0,2080700.0
13141,Quirur.,Injerto óseo en húmero 10,10.0,3170600.0
13144,Quirur.,Resección tumor benigno húmero 7,7.0,1893100.0
13145,Quirur.,Resección tumor maligno huesos hombro 12,12.0,3641200.0
13146,Quirur.,Resección tumor maligno húmero 8,8.0,2080700.0
13147,Quirur.,Escapulopexia 10,10.0,3170600.0
13148,Quirur.,Acromioplastia; incluye resección calcificaciones 9,9.0,2376100.0
13149,Quirur.,"Escisión tumor benigno clavícula o escápula, sin injerto 5",5.0,1063500.0
13150,Quirur.,Reducción cerrada fractura escápula 3,3.0,625000.0
13151,Quirur.,Reducción cerrada fractura clavícula 3,3.0,625000.0
13152,Quirur.,Reducción cerrada fractura húmero 6,6.0,1465700.0
13160,Quirur.,Reducción abierta fractura escápula 6,6.0,1465700.0
13161,Quirur.,Tratamiento fractura abierta de clavícula 7,7.0,1893100.0
13162,Quirur.,Reducción abierta fractura húmero 7,7.0,1893100.0
13170,Quirur.,Osteosíntesis en clavícula 7,7.0,1893100.0
13171,Quirur.,Osteosíntesis en húmero 11,11.0,3405400.0
13180,Quirur.,Amputación intertoracoescapular 12,12.0,3641200.0
13181,Quirur.,Amputación del brazo 8,8.0,2080700.0
13182,Quirur.,Desarticulación del hombro 12,12.0,3641200.0
13190,Quirur.,Reimplante de miembro superior a nivel del brazo 22,22.0,4980800.0
13200,Quirur.,"Drenaje, curetaje, secuestrectomía, de cúbito o radio 8",8.0,2080700.0
13211,Quirur.,Extracción no quirúrgica de material de osteosíntesis en antebrazo 3,3.0,625000.0
13212,Quirur.,Extracción quirúrgica de material de osteosíntesis en antebrazo 5,5.0,1063500.0
13220,Quirur.,Osteotomía de cúbito o radio 9,9.0,2376100.0
13221,Quirur.,Hemidiafisectomía en cúbito o radio 9,9.0,2376100.0
13230,Quirur.,Resección olecranón 7,7.0,1893100.0
13231,Quirur.,Resección cabezas de radio 7,7.0,1893100.0
13232,Quirur.,Resección extremo distal cúbito 7,7.0,1893100.0
13233,Quirur.,Resección tercio distal cúbito con artrodesis radio cubital distal 8,8.0,2080700.0
13240,Quirur.,Injerto óseo en cúbito o radio 10,10.0,3170600.0
13241,Quirur.,Epifisiodesis cúbito y radio 9,9.0,2376100.0
13242,Quirur.,Revisión y/o reconstrucción de muñón de amputación antebrazo 6,6.0,1465700.0
13243,Quirur.,Resección tumor benigno cúbito o radio 7,7.0,1893100.0
13244,Quirur.,Resección tumor maligno cúbito o radio 8,8.0,2080700.0
13250,Quirur.,Reducción cerrada fractura codo 6,6.0,1465700.0
13251,Quirur.,Reducción cerrada fractura cúbito o radio 6,6.0,1465700.0
13252,Quirur.,Reducción cerrada fractura de colles 6,6.0,1465700.0
13260,Quirur.,Reducción abierta fractura codo 7,7.0,1893100.0
13261,Quirur.,Reducción abierta fractura cúbito y radio 7,7.0,1893100.0
13262,Quirur.,Reducción abierta de luxación radiocubital distal 8,8.0,2080700.0
13270,Quirur.,Osteosíntesis en codo 11,11.0,3405400.0
13271,Quirur.,Osteosíntesis en cúbito o radio 9,9.0,2376100.0
13272,Quirur.,Osteosíntesis en cúbito y radio 10,10.0,3170600.0
13273,Quirur.,Tratamiento fractura de colles 9,9.0,2376100.0
13280,Quirur.,Amputación del antebrazo 8,8.0,2080700.0
13281,Quirur.,Desarticulación del codo 8,8.0,2080700.0
13282,Quirur.,Desarticulación de la muñeca 8,8.0,2080700.0
13290,Quirur.,Reimplante de miembro superior a nivel del antebrazo 22,22.0,4980800.0
13300,Quirur.,"Drenaje, curetaje, secuestrectomía, de pelvis 8",8.0,2080700.0
13310,Quirur.,Extracción cuerpo extraño de pelvis 7,7.0,1893100.0
13311,Quirur.,Extracción no quirúrgica de material de osteosíntesis pelvis 3,3.0,625000.0
13312,Quirur.,Extracción quirúrgica de material de osteosíntesis pelvis 7,7.0,1893100.0
13320,Quirur.,Osteotomía de pelvis 21,21.0,4300500.0
13321,Quirur.,Resección parcial del ilíaco 7,7.0,1893100.0
13340,Quirur.,Injerto óseo en pelvis 10,10.0,3170600.0
13341,Quirur.,Revisión y/o reconstrucción de muñón de amputación pelvis 8,8.0,2080700.0
13342,Quirur.,Resección tumor benigno huesos pelvis 8,8.0,2080700.0
13343,Quirur.,Resección tumor maligno huesos pelvis 12,12.0,3641200.0
13350,Quirur.,Reducción cerrada fractura pelvis 6,6.0,1465700.0
13360,Quirur.,Reducción abierta fractura pelvis 12,12.0,3641200.0
13370,Quirur.,"Osteosíntesis de acetábulo, reborde posterior 12",12.0,3641200.0
13371,Quirur.,"Osteosíntesis de acetábulo, compuesta (anterior, posterior y superior) 21",21.0,4300500.0
13380,Quirur.,Hemipelvectomía 20,20.0,3572200.0
13381,Quirur.,Desarticulación de la cadera 12,12.0,3641200.0
13410,Quirur.,Extracción cuerpo extraño de fémur 8,8.0,2080700.0
13411,Quirur.,Extracción cuerpo extraño de rótula 4,4.0,840100.0
13412,Quirur.,"Extracción no quirúrgica de material de osteosíntesis, en muslo o rodilla 3",3.0,625000.0
13413,Quirur.,"Extracción quirúrgica de material de osteosíntesis, en muslo o rodilla 5",5.0,1063500.0
13420,Quirur.,Osteotomía simple de fémur 10,10.0,3170600.0
13421,Quirur.,Hemidiafisectomía en fémur 10,10.0,3170600.0
13422,Quirur.,Osteotomía del cuello femoral 13,13.0,3886300.0
13430,Quirur.,Patelectomía o hemipatelectomía 8,8.0,2080700.0
13440,Quirur.,Injerto óseo en fémur 11,11.0,3405400.0
13441,Quirur.,Revisión y/o reconstrucción de muñón de amputación muslo 8,8.0,2080700.0
13442,Quirur.,Resección tumor benigno fémur 8,8.0,2080700.0
13443,Quirur.,Resección tumor benigno rótula 6,6.0,1465700.0
13444,Quirur.,Resección tumor maligno fémur 9,9.0,2376100.0
13445,Quirur.,Resección tumor maligno rótula 6,6.0,1465700.0
13450,Quirur.,Reducción cerrada fractura fémur 8,8.0,2080700.0
13451,Quirur.,Reducción cerrada fractura rótula 5,5.0,1063500.0
13461,Quirur.,Reducción abierta fractura rótula 5,5.0,1063500.0
13470,Quirur.,Osteosíntesis en fémur (diáfisis) 12,12.0,3641200.0
13471,Quirur.,"Osteosíntesis en fémur (cuello, intertrocantérica, supracondilea) 13",13.0,3886300.0
13472,Quirur.,Osteosíntesis en rótula 6,6.0,1465700.0
13480,Quirur.,Amputación del muslo 9,9.0,2376100.0
13481,Quirur.,Desarticulación de la rodilla 8,8.0,2080700.0
13500,Quirur.,"Drenaje, curetaje, secuestrectomía, de tibia o peroné 9",9.0,2376100.0
13501,Quirur.,"Drenaje, curetaje, secuestrectomía, de huesos pie (excepto falanges) 5",5.0,1063500.0
13502,Quirur.,"Drenaje, curetaje, secuestrectomía, falanges pie (una a dos) 4",4.0,840100.0
13503,Quirur.,"Drenaje, curetaje, secuestrectomía, falanges pie (tres o más) 5",5.0,1063500.0
13510,Quirur.,Extracción cuerpo extraño de tibia o peroné 8,8.0,2080700.0
13511,Quirur.,Extracción cuerpo extraño pie 5,5.0,1063500.0
13512,Quirur.,"Extracción no quirúrgica de material de osteosíntesis en pierna, tobillo o pie 3",3.0,625000.0
13513,Quirur.,"Extracción quirúrgica de material de osteosíntesis en pierna, tobillo o pie 5",5.0,1063500.0
13522,Quirur.,Osteotomía falanges pie (una a dos) 5,5.0,1063500.0
13523,Quirur.,Osteotomía falanges pie (tres o más) 6,6.0,1465700.0
13524,Quirur.,Hemidiafisectomía en tibia y peroné 9,9.0,2376100.0
13525,Quirur.,Hemidiafisectomía en huesos pie 7,7.0,1893100.0
13530,Quirur.,Astragalectomía 9,9.0,2376100.0
13540,Quirur.,Injerto óseo en tibia o peroné 11,11.0,3405400.0
13541,Quirur.,Injerto óseo en pie 8,8.0,2080700.0
13542,Quirur.,Epifisiodesis tibia o peroné 9,9.0,2376100.0
13543,Quirur.,Revisión y/o reconstrucción de muñón de amputación pierna 8,8.0,2080700.0
13544,Quirur.,"Revisión y/o reconstrucción de muñón de amputación pie o de tres o más artejos 5",5.0,1063500.0
13545,Quirur.,"Revisión y/o reconstrucción de muñón de amputación artejos pie (uno a dos) 3",3.0,625000.0
13546,Quirur.,Resección tumor benigno tibia o peroné 7,7.0,1893100.0
13547,Quirur.,Resección tumor benigno huesos pie 6,6.0,1465700.0
13548,Quirur.,Resección tumor maligno tibia o peroné 8,8.0,2080700.0
13549,Quirur.,Resección tumor maligno huesos pie 7,7.0,1893100.0
13550,Quirur.,Alargamiento miembros inferiores 12,12.0,3641200.0
13551,Quirur.,Corrección hallux valgus 6,6.0,1465700.0
13552,Quirur.,Corrección pie cavo 12,12.0,3641200.0
13553,Quirur.,Corrección pie cavo equino 12,12.0,3641200.0
13554,Quirur.,Corrección pie convexo 12,12.0,3641200.0
13555,Quirur.,Corrección pie tallus valgus 12,12.0,3641200.0
13556,Quirur.,Corrección pie varus equino 12,12.0,3641200.0
13557,Quirur.,Reimplante de la pierna 20,20.0,3572200.0
13558,Quirur.,Reimplante de pie 20,20.0,3572200.0
13560,Quirur.,Reducción cerrada fractura tibia y peroné 8,8.0,2080700.0
13561,Quirur.,Reducción cerrada fractura peroné 6,6.0,1465700.0
13562,Quirur.,Reducción cerrada fractura tarso y/o metatarso 6,6.0,1465700.0
13565,Quirur.,Reducción cerrada luxo fractura cuello pie 8,8.0,2080700.0
13570,Quirur.,Reducción abierta fractura tibia y/o peroné 10,10.0,3170600.0
13571,Quirur.,Reducción abierta fractura tarso o metatarso 7,7.0,1893100.0
13572,Quirur.,Reducción abierta fractura falanges pie (una a dos) 6,6.0,1465700.0
13573,Quirur.,Reducción abierta fractura falanges pie (tres o más) 7,7.0,1893100.0
13574,Quirur.,Reducción abierta de luxo fractura cuello pie 10,10.0,3170600.0
13580,Quirur.,Osteosíntesis en tibia o peroné 12,12.0,3641200.0
13581,Quirur.,Osteosíntesis de luxo fractura o fractura cuello pie 11,11.0,3405400.0
13582,Quirur.,Osteosíntesis hueso de pie 8,8.0,2080700.0
13583,Quirur.,Aplicación de tutores externos 8,8.0,2080700.0
13590,Quirur.,Amputación de la pierna 8,8.0,2080700.0
13591,Quirur.,Amputación del pie 7,7.0,1893100.0
13592,Quirur.,Amputación de dedos pie (uno a dos) 4,4.0,840100.0
13593,Quirur.,Amputación dedos pie (tres o más) 5,5.0,1063500.0
13594,Quirur.,"Desarticulación pie; incluye mediotarsiana (Chopart), tarsometatarsiana (Lisfranc), supramaleolar (Syme) 8",8.0,2080700.0
13595,Quirur.,Desarticulación dedos pie (uno a dos) 4,4.0,840100.0
13596,Quirur.,Desarticulación dedos pie (tres o más) 5,5.0,1063500.0
13600,Quirur.,"Drenaje, curetaje, secuestrectomía, de esternón o costillas 5",5.0,1063500.0
13601,Quirur.,"Drenaje, curetaje, secuestrectomía, de columna vertebral 9",9.0,2376100.0
13610,Quirur.,Extracción cuerpo extraño de esternón o costillas 5,5.0,1063500.0
13611,Quirur.,Extracción quirúrgica de material de osteosíntesis columna vertebral 7,7.0,1893100.0
13612,Quirur.,Extracción cuerpo extraño de columna vertebral 9,9.0,2376100.0
13620,Quirur.,Osteotomía esternón o costillas 6,6.0,1465700.0
13630,Quirur.,Coccigectomía 8,8.0,2080700.0
13640,Quirur.,Injerto óseo en columna vertebral 11,11.0,3405400.0
13641,Quirur.,Resección tumor benigno en columna vertebral 12,12.0,3641200.0
13650,Quirur.,Reducción cerrada fractura columna cervical 7,7.0,1893100.0
13651,Quirur.,Reducción cerrada fractura columna dorsal o lumbar 7,7.0,1893100.0
13652,Quirur.,Reducción cerrada fractura coxis 3,3.0,625000.0
13653,Quirur.,Reducción cerrada fractura costal; incluye una o más costillas 3,3.0,625000.0
13660,Quirur.,Reducción abierta fractura costal; incluye una o más costillas 7,7.0,1893100.0
13661,Quirur.,Reducción abierta fractura columna cervical 10,10.0,3170600.0
13662,Quirur.,"Reducción abierta fractura columna dorsal o lumbar; incluye apófisis transversa, cuerpo vertebral, elementos posteriores de la columna 10",10.0,3170600.0
13670,Quirur.,Artrodesis posterior de columna con instrumentación 20,20.0,3572200.0
13671,Quirur.,Artrodesis anterior de columna con instrumentación 21,21.0,4300500.0
13700,Quirur.,Artrotomía en hombro 5,5.0,1063500.0
13701,Quirur.,Artrotomía en codo 7,7.0,1893100.0
13702,Quirur.,Artrotomía en muñeca 6,6.0,1465700.0
13703,Quirur.,Artrotomía en cadera 7,7.0,1893100.0
13704,Quirur.,Artrotomía en rodilla 7,7.0,1893100.0
13705,Quirur.,Artrotomía en cuello de pie 6,6.0,1465700.0
13706,Quirur.,Artrotomía en pie 5,5.0,1063500.0
13710,Quirur.,Extracción cuerpo extraño intra articular hombro 5,5.0,1063500.0
13711,Quirur.,Extracción cuerpo extraño intra articular codo 7,7.0,1893100.0
13712,Quirur.,Extracción cuerpo extraño intra articular muñeca 6,6.0,1465700.0
13713,Quirur.,Extracción cuerpo extraño intra articular cadera 10,10.0,3170600.0
13714,Quirur.,Extracción cuerpo extraño intra articular rodilla 7,7.0,1893100.0
13715,Quirur.,Extracción cuerpo extraño intra articular en cuello de pie 6,6.0,1465700.0
13720,Quirur.,Resección de disco intervertebral (hernia discal) 11,11.0,3405400.0
13721,Quirur.,Meniscectomía rodilla 8,8.0,2080700.0
13722,Quirur.,Sinovectomía rodilla 9,9.0,2376100.0
13723,Quirur.,Corrección quirúrgica primaria de lesión en ligamentos de rodilla 12,12.0,3641200.0
13724,Quirur.,Corrección quirúrgica rótula luxable 9,9.0,2376100.0
13725,Quirur.,"Corrección quirúrgica ligamentaria sustitutiva por auto injerto o aloinjerto 20",20.0,3572200.0
13726,Quirur.,Movilización articular bajo anestesia 3,3.0,625000.0
13727,Quirur.,Reparación del manguito rotador del hombro 12,12.0,3641200.0
13730,Quirur.,Reemplazo protésico de hombro 21,21.0,4300500.0
13731,Quirur.,Reemplazo protésico de codo 21,21.0,4300500.0
13732,Quirur.,Artroplastia parcial de la cadera 11,11.0,3405400.0
13733,Quirur.,Implante total de cadera por prótesis 21,21.0,4300500.0
13734,Quirur.,Implante total de rodilla por prótesis 21,21.0,4300500.0
13735,Quirur.,Reemplazo protésico cuello de pie 21,21.0,4300500.0
13736,Quirur.,Artroplastia falanges pie 6,6.0,1465700.0
13740,Quirur.,Artrodesis simple de columna 12,12.0,3641200.0
13741,Quirur.,Artrodesis de hombro 12,12.0,3641200.0
13742,Quirur.,Artrodesis de codo 12,12.0,3641200.0
13743,Quirur.,Artrodesis de cadera 21,21.0,4300500.0
13744,Quirur.,Artrodesis de rodilla 20,20.0,3572200.0
13745,Quirur.,Artrodesis de pie (triple o cuello de pie) 12,12.0,3641200.0
13746,Quirur.,Artrodesis dedos pie (uno a dos) 7,7.0,1893100.0
13747,Quirur.,Artrodesis dedos pie (tres o más) 8,8.0,2080700.0
13750,Quirur.,Reducción cerrada luxación de hombro 5,5.0,1063500.0
13751,Quirur.,Reducción cerrada luxación del codo 5,5.0,1063500.0
13752,Quirur.,Reducción cerrada de luxación congénita de cadera 12,12.0,3641200.0
13753,Quirur.,Reducción displasia uni o bilateral de cadera 10,10.0,3170600.0
13754,Quirur.,Reducción cerrada de luxación traumática de cadera 8,8.0,2080700.0
13755,Quirur.,Reducción cerrada de luxación traumática de rótula 5,5.0,1063500.0
13756,Quirur.,Reducción cerrada de luxación traumática cuello de pie 5,5.0,1063500.0
13760,Quirur.,Reducción abierta de luxación acromio clavicular 10,10.0,3170600.0
13761,Quirur.,"Reducción abierta de luxación escápulo humeral; incluye antigua o recidivante 12",12.0,3641200.0
13762,Quirur.,Reducción abierta de luxación de codo; incluye antigua o recidivante 12,12.0,3641200.0
13763,Quirur.,Reducción abierta de luxación congénita de cadera; incluye salter 20,20.0,3572200.0
13764,Quirur.,Reducción abierta de luxación traumática de cadera 12,12.0,3641200.0
13800,Quirur.,Tenotomía 3,3.0,625000.0
13801,Quirur.,Fasciotomía 6,6.0,1465700.0
13810,Quirur.,"Extracción de cuerpo extraño en bolsa sinovial y/o músculo y/o tendón 6",6.0,1465700.0
13820,Quirur.,Resección de ganglión 6,6.0,1465700.0
13821,Quirur.,Resección de miositis osificante 6,6.0,1465700.0
13822,Quirur.,Resección tumor de fascia y/o músculo y/o tendón 6,6.0,1465700.0
13823,Quirur.,Bursectomía 6,6.0,1465700.0
13824,Quirur.,Resección higroma rodilla 6,6.0,1465700.0
13825,Quirur.,Resección quiste poplíteo (quiste de Baker) 6,6.0,1465700.0
13826,Quirur.,"Resección de bolsa tendinosa, fascia, músculo o tendón 6",6.0,1465700.0
13827,Quirur.,Tenosinovectomía (enfermedad de Quervain) 6,6.0,1465700.0
13828,Quirur.,Tenosinovitis infecciosa 6,6.0,1465700.0
13830,Quirur.,Sutura de fascia y/o músculo y/o tendón 5,5.0,1063500.0
13831,Quirur.,"Tenorrafia flexores antebrazo (uno a cuatro), con neurorrafia 20",20.0,3572200.0
13832,Quirur.,"Tenorrafia flexores antebrazo (cinco o más), con neurorrafia 21",21.0,4300500.0
13833,Quirur.,Transposición de músculo 8,8.0,2080700.0
13834,Quirur.,Transposición de tendón 8,8.0,2080700.0
13835,Quirur.,Cuadricepsplastia 11,11.0,3405400.0
13836,Quirur.,Alargamiento del tendón de Aquiles 9,9.0,2376100.0
13837,Quirur.,Tenodesis 8,8.0,2080700.0
13838,Quirur.,Liberación de adherencias de tendón (tenolisis) 5,5.0,1063500.0
13840,Quirur.,Descompresión nervio brazo 7,7.0,1893100.0
13841,Quirur.,Descompresión nervio antebrazo; incluye en túnel carpiano 7,7.0,1893100.0
13842,Quirur.,"Descompresión nervio muslo o pierna; incluye tratamiento quirúrgico meralgia parestésica 7",7.0,1893100.0
13843,Quirur.,Descompresión nervio pie; incluye túnel tarsiano 6,6.0,1465700.0
13844,Quirur.,Transposición de nervio en miembro superior 7,7.0,1893100.0
13850,Quirur.,Resección tumor nervio brazo 9,9.0,2376100.0
13851,Quirur.,Resección tumor nervio antebrazo 9,9.0,2376100.0
13852,Quirur.,Resección tumor nervio muslo o pierna 10,10.0,3170600.0
13853,Quirur.,Resección tumor nervio pie 6,6.0,1465700.0
13860,Quirur.,Neurorrafia un nervio brazo 10,10.0,3170600.0
13861,Quirur.,Neurorrafia dos nervios brazo 12,12.0,3641200.0
13862,Quirur.,Neurorrafia un nervio antebrazo 10,10.0,3170600.0
13863,Quirur.,Neurorrafia dos nervios antebrazo 12,12.0,3641200.0
13864,Quirur.,Neurorrafia de un nervio en brazo con injerto 12,12.0,3641200.0
13865,Quirur.,Neurorrafia de dos nervios en brazo con injerto 13,13.0,3886300.0
13866,Quirur.,Neurorrafia de un nervio en antebrazo con injerto 12,12.0,3641200.0
13867,Quirur.,Neurorrafia de dos nervios en antebrazo con injerto 13,13.0,3886300.0
13870,Quirur.,Neurorrafia nervio muslo o pierna 10,10.0,3170600.0
13871,Quirur.,Neurorrafia nervio muslo con injerto 12,12.0,3641200.0
13872,Quirur.,Neurorrafia nervio pierna con injerto 12,12.0,3641200.0
13873,Quirur.,Neurorrafia nervio pie 7,7.0,1893100.0
13880,Quirur.,Neurólisis nervio brazo 8,8.0,2080700.0
13881,Quirur.,Neurólisis nervio antebrazo 8,8.0,2080700.0
14100,Quirur.,"Drenaje, curetaje, secuestrectomía, huesos carpo 5",5.0,1063500.0
14101,Quirur.,"Drenaje, curetaje, secuestrectomía, metacarpianos ((uno a dos) 5",5.0,1063500.0
14102,Quirur.,"Drenaje, curetaje, secuestrectomía, metacarpianos (tres o más) 6",6.0,1465700.0
14103,Quirur.,"Drenaje, curetaje, secuestrectomía, falanges (una a dos) 4",4.0,840100.0
14104,Quirur.,"Drenaje, curetaje, secuestrectomía, falanges (tres o más) 5",5.0,1063500.0
14110,Quirur.,Extracción cuerpo extraño en mano (excepto dedos) 7,7.0,1893100.0
14111,Quirur.,"Resección tumor óseo benigno en mano, sin injerto 6",6.0,1465700.0
14112,Quirur.,"Resección tumor óseo benigno en mano, con injerto 7",7.0,1893100.0
14113,Quirur.,Resección tumor maligno en mano 11,11.0,3405400.0
14114,Quirur.,Extracción cuerpo extraño en dedos 6,6.0,1465700.0
14120,Quirur.,Osteotomía en metacarpiano 8,8.0,2080700.0
14121,Quirur.,Osteotomía en falange 7,7.0,1893100.0
14122,Quirur.,Hemidiafisectomía metacarpianos (uno a dos) 6,6.0,1465700.0
14123,Quirur.,Hemidiafisectomía metacarpianos (tres o más) 7,7.0,1893100.0
14124,Quirur.,Hemidiafisectomía falanges (una a dos) 5,5.0,1063500.0
14125,Quirur.,Hemidiafisectomía falanges (tres o más) 6,6.0,1465700.0
14130,Quirur.,Carpectomía (uno a dos) huesos 8,8.0,2080700.0
14131,Quirur.,Carpectomía (tres o más) huesos 10,10.0,3170600.0
14134,Quirur.,Resección cabeza de falange (una o dos) 7,7.0,1893100.0
14135,Quirur.,Resección cabeza de falange (tres o más) 9,9.0,2376100.0
14140,Quirur.,Injerto óseo en huesos carpo (excepto escafoides) 7,7.0,1893100.0
14141,Quirur.,Injerto óseo en escafoides 11,11.0,3405400.0
14142,Quirur.,Injerto óseo en metacarpianos (uno a dos) 9,9.0,2376100.0
14143,Quirur.,Injerto óseo en metacarpianos (tres o más) 10,10.0,3170600.0
14144,Quirur.,Injerto óseo en falanges (una a dos) 8,8.0,2080700.0
14145,Quirur.,Injerto óseo en falanges (tres o más) 9,9.0,2376100.0
14150,Quirur.,Reducción cerrada fractura huesos carpo 5,5.0,1063500.0
14151,Quirur.,Reducción cerrada fractura metacarpianos 5,5.0,1063500.0
14152,Quirur.,Reducción cerrada fractura falanges mano 5,5.0,1063500.0
14153,Quirur.,Reducción cerrada luxofractura de Bennet 6,6.0,1465700.0
14154,Quirur.,Reducción cerrada luxación carpiana 8,8.0,2080700.0
14155,Quirur.,Reducción cerrada luxación carpometacarpiana 10,10.0,3170600.0
14156,Quirur.,Reducción cerrada luxación metacarpofalángica (una a dos) 9,9.0,2376100.0
14157,Quirur.,Reducción cerrada luxación metacarpofalángica (tres o más) 10,10.0,3170600.0
14158,Quirur.,Reducción cerrada luxación interfalángica (una a dos) 7,7.0,1893100.0
14159,Quirur.,Reducción cerrada luxación interfalángica (tres o más) 8,8.0,2080700.0
14160,Quirur.,Reducción abierta fractura huesos carpo 10,10.0,3170600.0
14161,Quirur.,Reducción abierta fractura metacarpianos (uno a dos) 10,10.0,3170600.0
14162,Quirur.,Reducción abierta fractura metacarpianos (tres o más) 11,11.0,3405400.0
14163,Quirur.,Reducción abierta fractura falanges mano (una a dos) 10,10.0,3170600.0
14164,Quirur.,Reducción abierta fractura falanges mano (tres o más) 11,11.0,3405400.0
14165,Quirur.,Reducción abierta fractura intra articular mano (una a dos) 10,10.0,3170600.0
14166,Quirur.,Reducción abierta fractura intra articular mano (tres o más) 11,11.0,3405400.0
14170,Quirur.,Reducción abierta o percutánea fractura o luxo fractura de Bennet 10,10.0,3170600.0
14171,Quirur.,Reducción abierta luxación carpiana 12,12.0,3641200.0
14172,Quirur.,Reducción abierta luxación carpometarpiana 10,10.0,3170600.0
14173,Quirur.,Reducción abierta luxación metacarpofalángica (una a dos) 10,10.0,3170600.0
14174,Quirur.,Reducción abierta luxación metacarpofalángica (tres o más) 11,11.0,3405400.0
14175,Quirur.,Reducción abierta luxación interfalángica (una a dos) 10,10.0,3170600.0
14176,Quirur.,Reducción abierta luxación interfalángica (tres o más) 11,11.0,3405400.0
14180,Quirur.,Amputación y/o desarticulación dedos mano (uno a dos) 5,5.0,1063500.0
14181,Quirur.,Amputación y/o desarticulación dedos mano (tres o más) 6,6.0,1465700.0
14182,Quirur.,Amputación de la mano 8,8.0,2080700.0
14183,Quirur.,"Revisión y/o reconstrucción muñón de amputación dedos mano (uno a dos) 5",5.0,1063500.0
14184,Quirur.,"Revisión y/o reconstrucción muñón de amputación dedos mano (tres o más) 6",6.0,1465700.0
14185,Quirur.,Revisión y/o reconstrucción muñón de amputación mano 6,6.0,1465700.0
14200,Quirur.,Miotomía mano 4,4.0,840100.0
14201,Quirur.,Miorrafia extensores mano 7,7.0,1893100.0
14202,Quirur.,Miorrafia flexores mano (uno a dos) 7,7.0,1893100.0
14203,Quirur.,Miorrafia flexores mano (tres o más) 8,8.0,2080700.0
14204,Quirur.,Extirpación tumor músculo 6,6.0,1465700.0
14210,Quirur.,Tenorrafia extensores mano (uno a dos) 9,9.0,2376100.0
14213,Quirur.,"Tenorrafia flexores mano (uno a cuatro), con neurorrafias 20",20.0,3572200.0
14214,Quirur.,Tenorrafia flexores mano (cinco ó más) con neurorrafias 21,21.0,4300500.0
14215,Quirur.,Tenorrafia flexores dedos (cada uno) 20,20.0,3572200.0
14220,Quirur.,Tenodesis mano (uno a dos) 6,6.0,1465700.0
14221,Quirur.,Tenodesis mano (tres o más) 7,7.0,1893100.0
14222,Quirur.,Alargamiento tendón mano (uno a dos) 7,7.0,1893100.0
14223,Quirur.,Alargamiento tendón mano (tres o más) 8,8.0,2080700.0
14224,Quirur.,Reinserción tendón mano (uno a dos) 10,10.0,3170600.0
14225,Quirur.,Reinserción tendón mano (tres o más) 12,12.0,3641200.0
14226,Quirur.,Transferencia tendón mano y puño (uno a dos) 12,12.0,3641200.0
14227,Quirur.,Transferencia tendón mano y puño (tres o más) 13,13.0,3886300.0
14230,Quirur.,Injerto de tendón extensor mano (uno a dos) 8,8.0,2080700.0
14231,Quirur.,Injerto de tendón extensor mano (tres o más) 9,9.0,2376100.0
14232,Quirur.,Injerto de tendón flexor mano (uno a dos) 11,11.0,3405400.0
14233,Quirur.,Injerto de tendón flexor mano (tres o más) 12,12.0,3641200.0
14234,Quirur.,Injerto de tendón flexor un dedo 20,20.0,3572200.0
14235,Quirur.,Injerto de tendón flexor dos o más dedos 22,22.0,4980800.0
14236,Quirur.,Primer tiempo injerto tendinoso (implante de silastic) un dedo 20,20.0,3572200.0
14237,Quirur.,Primer tiempo injerto tendinoso (implante de silastic) dos dedos 22,22.0,4980800.0
14240,Quirur.,Tenolisis extensores mano (uno a dos) 7,7.0,1893100.0
14241,Quirur.,Tenolisis extensores mano (tres o más) 8,8.0,2080700.0
14242,Quirur.,Tenolisis flexores mano (uno a dos) 10,10.0,3170600.0
14243,Quirur.,Tenolisis flexores mano (tres o más) 12,12.0,3641200.0
14250,Quirur.,Corrección quirúrgica dedo en botonera 11,11.0,3405400.0
14251,Quirur.,Corrección quirúrgica dedo en cuello de cisne 11,11.0,3405400.0
14252,Quirur.,Corrección quirúrgica dedo en martillo 8,8.0,2080700.0
14300,Quirur.,Artrotomía en mano 6,6.0,1465700.0
14301,Quirur.,Capsulotomía metacarpofalángicas (una a dos) 9,9.0,2376100.0
14302,Quirur.,Capsulotomía metacarpofalángicas (tres o más) 10,10.0,3170600.0
14303,Quirur.,Capsulotomía interfalángicas (una a dos) 9,9.0,2376100.0
14304,Quirur.,Capsulotomía interfalángicas (tres o más) 10,10.0,3170600.0
14305,Quirur.,Resección ganglión puño 7,7.0,1893100.0
14306,Quirur.,Tenosinovitis infecciosa 10,10.0,3170600.0
14310,Quirur.,Artrodesis puño con injerto óseo 13,13.0,3886300.0
14311,Quirur.,Artrodesis puño sin injerto óseo 12,12.0,3641200.0
14312,Quirur.,Artrodesis trapecio metacarpiana 8,8.0,2080700.0
14313,Quirur.,Artrodesis metacarpo falángica 7,7.0,1893100.0
14314,Quirur.,Artrodesis una interfalángica 7,7.0,1893100.0
14315,Quirur.,"Artrodesis interfalángicas, con injerto óseo 9",9.0,2376100.0
14316,Quirur.,Artrodesis carpometacarpianas 8,8.0,2080700.0
14317,Quirur.,Artrodesis intercarpiana 10,10.0,3170600.0
14318,Quirur.,Artrodesis intercarpiana más injerto óseo 11,11.0,3405400.0
14320,Quirur.,Artroplastia puño 12,12.0,3641200.0
14321,Quirur.,Artroplastia trapecio metacarpiana 9,9.0,2376100.0
14322,Quirur.,Artroplastia metacarpo falángicas (una a dos) 11,11.0,3405400.0
14323,Quirur.,Artroplastia metacarpo falángicas(tres o más) 12,12.0,3641200.0
14324,Quirur.,Artroplastia interfalángicas (una a dos) 11,11.0,3405400.0
14325,Quirur.,Artroplastia interfalángicas (tres o más) 12,12.0,3641200.0
14330,Quirur.,Capsulorrafia articulaciones (una a dos) 7,7.0,1893100.0
14331,Quirur.,Capsulorrafia articulaciones (tres o más) 8,8.0,2080700.0
14332,Quirur.,Ligamentorrafia o reinserción ligamentos (una a dos) 10,10.0,3170600.0
14340,Quirur.,Tenosinovectomía extensores mano (una a dos) 7,7.0,1893100.0
14341,Quirur.,Tenosinovectomía extensores mano (tres o más) 8,8.0,2080700.0
14342,Quirur.,Tenosinovectomía flexores mano (uno a dos) 10,10.0,3170600.0
14343,Quirur.,Tenosinovectomía flexores mano (tres o más) 11,11.0,3405400.0
14344,Quirur.,Sinovectomía carpo 8,8.0,2080700.0
14345,Quirur.,Sinovectomía una a dos metacarpo falángicas 7,7.0,1893100.0
14346,Quirur.,Sinovectomía tres o más metacarpo falángicas 8,8.0,2080700.0
14347,Quirur.,Sinovectomía una a dos interfalángicas 7,7.0,1893100.0
14348,Quirur.,Sinovectomía tres o más interfalángicas 8,8.0,2080700.0
14349,Quirur.,Resección de quiste vaina tendinosa 5,5.0,1063500.0
14350,Quirur.,Fasciotomía mano 7,7.0,1893100.0
14351,Quirur.,Extirpación aponeurosis mano (Enf de Dupuytren) 12,12.0,3641200.0
14400,Quirur.,Descompresión nervio mano 7,7.0,1893100.0
14401,Quirur.,Descompresión nervio dedos (uno a dos) 6,6.0,1465700.0
14402,Quirur.,Descompresión nervio dedos (tres o más) 7,7.0,1893100.0
14410,Quirur.,Resección tumor de nervio mano o dedos 10,10.0,3170600.0
14420,Quirur.,Neurorrafia un nervio mano 9,9.0,2376100.0
14421,Quirur.,Neurorrafia dos nervios mano 10,10.0,3170600.0
14422,Quirur.,Neurorrafia de colaterales en un dedo 6,6.0,1465700.0
14423,Quirur.,Neurorrafia de colaterales en dos dedos 7,7.0,1893100.0
14424,Quirur.,Neurorrafia de colaterales en tres o más dedos 8,8.0,2080700.0
14427,Quirur.,Neurorrafia de colaterales en un dedo con injerto 7,7.0,1893100.0
14428,Quirur.,Neurorrafia de colaterales en dos dedos con injerto 8,8.0,2080700.0
14429,Quirur.,Neurorrafia de colaterales en tres o más dedos con injerto 9,9.0,2376100.0
14430,Quirur.,Neurólisis nervio mano 8,8.0,2080700.0
14431,Quirur.,Neurólisis nervio dedos (uno a dos) 7,7.0,1893100.0
14432,Quirur.,Neurólisis nervio dedos (tres o más) 9,9.0,2376100.0
14500,Quirur.,Corrección quirúrgica cicatriz en mano con sutura primaria 4,4.0,840100.0
14501,Quirur.,Corrección quirúrgica cicatriz en mano con colgajo a distancia 11,11.0,3405400.0
14502,Quirur.,"Plastia en Z, mano o dedos (uno a dos) 7",7.0,1893100.0
14503,Quirur.,"Plastia en Z, mano o dedos (tres o más) 8",8.0,2080700.0
14510,Quirur.,Corrección sindactilia (un espacio) 8,8.0,2080700.0
14511,Quirur.,Corrección sindactilia (dos espacios) 9,9.0,2376100.0
14512,Quirur.,Macrodactilia 12,12.0,3641200.0
14513,Quirur.,Tratamiento quirúrgico mano zamba radial 12,12.0,3641200.0
14514,Quirur.,Mano hendida en espejo o en langosta 12,12.0,3641200.0
14515,Quirur.,Corrección quirúrgica camptodactilia (uno a dos) 8,8.0,2080700.0
14516,Quirur.,Corrección quirúrgica camptodactilia (tres o más) 9,9.0,2376100.0
14517,Quirur.,Corrección quirúrgica clinodactilia (uno a dos) 6,6.0,1465700.0
14518,Quirur.,Corrección quirúrgica clinodactilia (tres o más) 7,7.0,1893100.0
14519,Quirur.,Corrección polidactilia (dedos supernumerario) 6,6.0,1465700.0
14520,Quirur.,Bandas constrictivas (Streeter) 7,7.0,1893100.0
14521,Quirur.,Sinostosis radiocubital 10,10.0,3170600.0
14522,Quirur.,Deformidad de madelung 12,12.0,3641200.0
14600,Quirur.,Reimplante de la mano 22,22.0,4980800.0
14601,Quirur.,Reimplante de un dedo 22,22.0,4980800.0
14602,Quirur.,Reimplante de dos o más dedos 23,23.0,7112200.0
14603,Quirur.,Trasplante dedo del pie a mano 23,23.0,7112200.0
14604,Quirur.,Pulgarización dedo 13,13.0,3886300.0
14605,Quirur.,Transposición dedo 13,13.0,3886300.0
15101,Quirur.,"Drenaje profundo partes blandas; incluye absceso profundo, flegmón 4",4.0,840100.0
15102,Quirur.,"Desbridamiento por lesión superficial, más del 5% área corporal 5",5.0,1063500.0
15103,Quirur.,"Desbridamiento por lesión de tejidos profundos, más del 5% área corporal 7",7.0,1893100.0
15104,Quirur.,Fistulectomía de piel y/o tejido celular subcutáneo 5,5.0,1063500.0
15105,Quirur.,"Resección tumor benigno de piel y/o tejido celular subcutáneo, excepto cara 5",5.0,1063500.0
15106,Quirur.,"Resección tumor benigno piel que requiera reparación con colgajo y/o injerto 7",7.0,1893100.0
15107,Quirur.,"Resección tumor maligno de piel y/o tejido celular subcutáneo, excepto cara 6",6.0,1465700.0
15108,Quirur.,"Resección tumor maligno de piel que requiera reparación con colgajo y/o injerto 8",8.0,2080700.0
15109,Quirur.,Extracción cuerpo extraño en piel o tejido celular subcutáneo 3,3.0,625000.0
15110,Quirur.,"Sutura herida, excepto cara 5",5.0,1063500.0
15111,Quirur.,"Sutura heridas múltiples, excepto cara (más de tres o una extensa de más de 10 cms) 8",8.0,2080700.0
15112,Quirur.,Tratamiento hiperhidrosis axilar 8,8.0,2080700.0
15130,Quirur.,Injerto de piel en área general hasta 5% 8,8.0,2080700.0
15131,Quirur.,Injerto de piel en área general entre 6 a 15% 10,10.0,3170600.0
15132,Quirur.,Injerto de piel en área general más del 16% 13,13.0,3886300.0
15133,Quirur.,Lipoinjerto 6,6.0,1465700.0
15140,Quirur.,Colgajo de piel regional 7,7.0,1893100.0
15141,Quirur.,Colgajo pediculado en varios tiempos 13,13.0,3886300.0
15142,Quirur.,"Colgajo muscular, miocutáneo y fasciocutáneo 13",13.0,3886300.0
15160,Quirur.,"Tratamiento quirúrgico quemaduras en área general, hasta 5% (tratamiento total) 5",5.0,1063500.0
15161,Quirur.,"Tratamiento de quemaduras en área general de 6 a 15% (tratamiento total) 8",8.0,2080700.0
15162,Quirur.,"Tratamiento de quemaduras en área general de 16 a 25% (tratamiento total) 13",13.0,3886300.0
15163,Quirur.,"Tratamiento de quemaduras en área general de 26% en adelante (tratamiento total) 20",20.0,3572200.0
15170,Quirur.,Corrección quirúrgica cicatriz en área general hasta 5% 4,4.0,840100.0
15171,Quirur.,Corrección quirúrgica cicatriz en área general más del 6% 5,5.0,1063500.0
15172,Quirur.,"Plastia en Z, (una a dos) en área general 6",6.0,1465700.0
15173,Quirur.,"Plastia en Z, (tres o más) en área general 8",8.0,2080700.0
15180,Quirur.,Dermolipectomía abdominal 20,20.0,3572200.0
15181,Quirur.,Expansores tisulares (1 tiempo) 12,12.0,3641200.0
15182,Quirur.,Tratamiento quirúrgico linfedema 13,13.0,3886300.0
15183,Quirur.,Dermoabración área general 5,5.0,1063500.0
15200,Quirur.,Onicectomía una a dos uñas 2,2.0,528600.0
15201,Quirur.,Onicectomía tres o más uñas 3,3.0,625000.0
15202,Quirur.,"Resección tumor benigno de piel y/o tejido celular subcutáneo, en cara 4",4.0,840100.0
15203,Quirur.,"Resección tumor maligno de piel y/o tejido celular subcutáneo, en cara, reparación primaria 8",8.0,2080700.0
15204,Quirur.,"Resección tumor maligno de piel y/o tejido celular subcutáneo, en cara, reparación con colgajo o injerto 10",10.0,3170600.0
15210,Quirur.,Sutura herida cara; incluye sutura labios 5,5.0,1063500.0
15211,Quirur.,"Sutura heridas múltiples cara (más de tres o una extensa de más de 10 cms) 8",8.0,2080700.0
15212,Quirur.,Avulsión cuero cabelludo (escalpe) 10,10.0,3170600.0
15220,Quirur.,Corrección macro o microstoma 10,10.0,3170600.0
15221,Quirur.,Corrección secuelas de labio hendido 10,10.0,3170600.0
15222,Quirur.,Queiloplastia 10,10.0,3170600.0
15223,Quirur.,Rinoqueiloplastia 13,13.0,3886300.0
15224,Quirur.,"Reparación de coloboma; incluye naso oculares, oro oculares 10",10.0,3170600.0
15225,Quirur.,Resección frenos congénitos labiales 7,7.0,1893100.0
15226,Quirur.,Retroposición quirúrgica de la premaxila 10,10.0,3170600.0
15227,Quirur.,Resección fosetas labiales 7,7.0,1893100.0
15230,Quirur.,"Injerto de piel en área especial; incluye cara, cuello, genitales, planta de pie, zonas de flexión, (no incluye dedos) 6",6.0,1465700.0
15231,Quirur.,Injerto de piel dedos (uno a dos) 4,4.0,840100.0
15232,Quirur.,Injerto de piel dedos (tres o más) 5,5.0,1063500.0
15233,Quirur.,Injerto condrocutáneo 7,7.0,1893100.0
15234,Quirur.,"Injerto región pilosa; incluye barba, ceja 6",6.0,1465700.0
15237,Quirur.,Injerto de piel retracción del seno 7,7.0,1893100.0
15238,Quirur.,Lipoinjerto 5,5.0,1063500.0
15240,Quirur.,Colgajo de cuero cabelludo 10,10.0,3170600.0
15241,Quirur.,Colgajo de piel a distancia (incluidos varios tiempos) 13,13.0,3886300.0
15242,Quirur.,Colgajo libre (con microcirugía) 20,20.0,3572200.0
15250,Quirur.,"Reparación oreja; incluye en pantalla, prominente 12",12.0,3641200.0
15251,Quirur.,"Reconstrucción de la oreja; incluye ausencia de: lóbulo, oreja 20",20.0,3572200.0
15252,Quirur.,Reinserción oreja 12,12.0,3641200.0
15253,Quirur.,"Reparación nariz; incluye corrección aplanamiento de fosas nasales, en silla de montar, implante de nariz 12",12.0,3641200.0
15254,Quirur.,Reinserción y reconstrucción nariz 20,20.0,3572200.0
15255,Quirur.,Rinoplastia (no estética) 12,12.0,3641200.0
15256,Quirur.,"Cirugía reparadora de seno; incluye reconstrucción de: areola, pezón, pezón invertido 12",12.0,3641200.0
15257,Quirur.,Mamoplastia de reducción 20,20.0,3572200.0
15258,Quirur.,Reconstrucción seno con colgajo 21,21.0,4300500.0
15260,Quirur.,Tratamiento quirúrgico quemaduras cara 8,8.0,2080700.0
15261,Quirur.,Tratamiento quirúrgico quemaduras cuello 8,8.0,2080700.0
15262,Quirur.,Tratamiento quirúrgico quemaduras genitales 8,8.0,2080700.0
15263,Quirur.,Tratamiento quirúrgico quemaduras en manos (no incluye dedos) 5,5.0,1063500.0
15264,Quirur.,Tratamiento quirúrgico quemaduras pie 5,5.0,1063500.0
15265,Quirur.,"Tratamiento quirúrgico quemaduras zonas de flexión (no incluye dedos); incluye: axila, codo, cuello, dorso de pie, hueco poplíteo, región inguinal 7",7.0,1893100.0
15266,Quirur.,Tratamiento quirúrgico quemaduras uno a dos dedos 5,5.0,1063500.0
15267,Quirur.,"Tratamiento quirúrgico quemaduras,tres o más dedos 6",6.0,1465700.0
15270,Quirur.,Corrección quirúrgica cicatriz en cara 5,5.0,1063500.0
15271,Quirur.,Corrección quirúrgica cicatriz en cuello 4,4.0,840100.0
15272,Quirur.,Corrección quirúrgica cicatriz en genitales 4,4.0,840100.0
15273,Quirur.,"Plastia en Z (una a dos), en área especial; incluye: cara, cuello, genitales, planta de pie 7",7.0,1893100.0
15274,Quirur.,"Plastia en Z (tres o más), en área especial; incluye: cara, cuello,genitales, planta de pie 9",9.0,2376100.0
15275,Quirur.,"Plastia en Z zonas de flexión (no incluye dedos); incluye: axila, codo,cuello, dorso de pie, hueco poplíteo, región inguinal 8",8.0,2080700.0
15276,Quirur.,Corrección quirúrgica cicatriz en planta de pie 5,5.0,1063500.0
15277,Quirur.,Plastia artejos (una a dos) 5,5.0,1063500.0
15278,Quirur.,Plastia artejos (tres o más) 6,6.0,1465700.0
15280,Quirur.,Corrección parálisis facial 13,13.0,3886300.0
15281,Quirur.,Corrección parálisis facial (técnica microquirúrgica) 21,21.0,4300500.0
15282,Quirur.,Dermoabrasión cara (parcial) 8,8.0,2080700.0
15283,Quirur.,Dermoabrasión cara (total) 10,10.0,3170600.0
15284,Quirur.,Reposición uña de polietileno 2,2.0,528600.0
16100,Quirur.,Cateterización y/o drenaje de glándula salival 4,4.0,840100.0
16101,Quirur.,"Adenectomía sublingual, submaxilar o palatina; incluye mucocele, quiste glándula salival 7",7.0,1893100.0
16102,Quirur.,"Resección radical de glándula salival (excepto parótida); incluye vaciamiento glanglionar 12",12.0,3641200.0
16103,Quirur.,Parotidectomía 13,13.0,3886300.0
16104,Quirur.,Resección de mucocele; incluye quiste de glándula salival 5,5.0,1063500.0
16106,Quirur.,Cierre o reparación salival sin injerto 6,6.0,1465700.0
16108,Quirur.,Exploración glándula salival 6,6.0,1465700.0
16109,Quirur.,Sialoplastia 7,7.0,1893100.0
16201,Otras Operaciones En Cavidad Bucal,"Incisión y drenaje de absceso cavidad bucal, intraoral; incluye hematoma 5",5.0,1063500.0
16202,Otras Operaciones En Cavidad Bucal,"Incisión y drenaje de abseso, cavidad bocal, extraoral; incluye hematoma 7",7.0,1893100.0
16203,Otras Operaciones En Cavidad Bucal,Secuestrectomía para osteomiolitis intraoral 7,7.0,1893100.0
16204,Otras Operaciones En Cavidad Bucal,Secuestrectomía para osteomilitis extraoral 8,8.0,2080700.0
16205,Otras Operaciones En Cavidad Bucal,Decortización en rama mandibular 8,8.0,2080700.0
16206,Otras Operaciones En Cavidad Bucal,"Curetaje óseo, maxilar o mandibular 8",8.0,2080700.0
16207,Otras Operaciones En Cavidad Bucal,Marzupialización de ránula 5,5.0,1063500.0
16210,Otras Operaciones En Cavidad Bucal,Glosectomía total o radical; incluye hemiglosectomía 13,13.0,3886300.0
16211,Otras Operaciones En Cavidad Bucal,Glosectomía parcial y/o biopsia 10,10.0,3170600.0
16212,Otras Operaciones En Cavidad Bucal,Resección lesión superficial de lengua 4,4.0,840100.0
16213,Otras Operaciones En Cavidad Bucal,Glosopexia; incluye plastia frenillo lingual 5,5.0,1063500.0
16214,Otras Operaciones En Cavidad Bucal,Glosoplastia; incluye injerto cutáneo o mucoso 10,10.0,3170600.0
16215,Otras Operaciones En Cavidad Bucal,Glosorrafia 5,5.0,1063500.0
16230,Otras Operaciones En Cavidad Bucal,Uvulotomía 3,3.0,625000.0
16231,Otras Operaciones En Cavidad Bucal,Uvulorrafia 3,3.0,625000.0
16240,Otras Operaciones En Cavidad Bucal,Faringoplastia; incluye colgajo faríngeo 11,11.0,3405400.0
16241,Otras Operaciones En Cavidad Bucal,Injerto óseo paladar 12,12.0,3641200.0
16242,Otras Operaciones En Cavidad Bucal,Palatorrafia; incluye estafilorrafia 11,11.0,3405400.0
16243,Otras Operaciones En Cavidad Bucal,Extirpación lesión superficial paladar 4,4.0,840100.0
16244,Otras Operaciones En Cavidad Bucal,"Extirpación lesión profunda paladar; incluye adenoma, lesiones superficiales extensas 6",6.0,1465700.0
16261,Otras Intervenciones En Maxilares,Estomatorrafia 3,3.0,625000.0
16262,Otras Intervenciones En Maxilares,Resección lesión superficial mucosa oral con biopsia 4,4.0,840100.0
16263,Otras Intervenciones En Maxilares,"Resección lesión profunda mucosa oral; con biopsia; incluye superficial extensa 5",5.0,1063500.0
16265,Otras Intervenciones En Maxilares,Remoción cuerpo extraño tejidos blandos boca 3,3.0,625000.0
16266,Otras Intervenciones En Maxilares,Miotomía músculos masticatorios; incluye parcial de masetero 8,8.0,2080700.0
16267,Otras Intervenciones En Maxilares,Miotomía macetero 8,8.0,2080700.0
16268,Otras Intervenciones En Maxilares,Miotomía temporal 8,8.0,2080700.0
16269,Otras Intervenciones En Maxilares,Miotomía pterigoideo externo 8,8.0,2080700.0
16270,Otras Intervenciones En Maxilares,Cierre fístula oroantral con colgajo bucal; incluye oronasal 8,8.0,2080700.0
16271,Otras Intervenciones En Maxilares,"Resección fístula boca, intraoral 4",4.0,840100.0
16272,Otras Intervenciones En Maxilares,"Cierre fístula oroantral con colgajo palatino o lingual; incluye oronasal 8",8.0,2080700.0
16273,Otras Intervenciones En Maxilares,"Resección fístula boca, extra-oral 6",6.0,1465700.0
16274,Otras Intervenciones En Maxilares,"Cierre fístula orosinusal y antrostomía, incluye remoción de cuerpo extraño o diente 9",9.0,2376100.0
16300,Otras Intervenciones En Maxilares,Osteotomía mentón 10,10.0,3170600.0
16301,Otras Intervenciones En Maxilares,"Osteotomía mandibular por seudoartrosis; incluye corrección de anquilosis con o sin aplicación de prótesis 11",11.0,3405400.0
16302,Otras Intervenciones En Maxilares,Osteotomía maxilar para extracción de cuerpo extraño 8,8.0,2080700.0
16303,Otras Intervenciones En Maxilares,Osteotomía deslizante 10,10.0,3170600.0
16304,Otras Intervenciones En Maxilares,Estudio prequirúrgico ortognático 3,3.0,625000.0
16305,Otras Intervenciones En Maxilares,"Osteotomía segmentaria mandibular o maxilar; incluye: fijación maxilo-mandibular, fijación rígida 12",12.0,3641200.0
16306,Otras Intervenciones En Maxilares,"Corticotomía Lefort I, para expansión de maxilar 10",10.0,3170600.0
16307,Otras Intervenciones En Maxilares,Osteotomía Lefort II 13,13.0,3886300.0
16308,Otras Intervenciones En Maxilares,Osteotomía Lefort III 13,13.0,3886300.0
16309,Otras Intervenciones En Maxilares,Osteotomía para corrección microsomía hemifacial 20,20.0,3572200.0
16310,Quirur.,"Cirugía ortognática de maxilar inferior; incluye fijación maxilo-mandibular, fijación rígida 12",12.0,3641200.0
16311,Quirur.,"Cirugía ortognática de maxilar superior; incluye fijación maxilo mandibular, fijación rígida 13",13.0,3886300.0
16312,Quirur.,Mandibulectomía parcial simple 11,11.0,3405400.0
16313,Quirur.,Mandibulectomía parcial con reconstrucción 13,13.0,3886300.0
16314,Quirur.,Resección parcial maxilar 11,11.0,3405400.0
16320,Quirur.,"Condilectomía maxilar inferior, incluye artrotomía 11",11.0,3405400.0
16321,Quirur.,"Menisectomía articulación temporomandibular; incluye resección tubérculo articular del temporal, plastia de cápsula articular, meniscorrafia, meniscopexia 11",11.0,3405400.0
16322,Quirur.,"Reemplazo total de articulación temporomandibular; incluye injerto de cartílago de crecimiento, reemplazo articular con prótesis 20",20.0,3572200.0
16323,Quirur.,Artrocentesis 7,7.0,1893100.0
16324,Quirur.,Reducción manual de luxación aguda 5,5.0,1063500.0
16325,Quirur.,Reducción manual de luxación con fijación inter maxilar 7,7.0,1893100.0
16326,Quirur.,Artrectomía (anquilosis) 11,11.0,3405400.0
16327,Quirur.,Coronoidectomía 11,11.0,3405400.0
16330,Quirur.,Profundización piso bucal 6,6.0,1465700.0
16331,Quirur.,Vestibuloplastia sin injerto 6,6.0,1465700.0
16332,Quirur.,Ventibuloplastia con injerto 7,7.0,1893100.0
16333,Quirur.,Frenillectomía en V (resección cuña) 5,5.0,1063500.0
16334,Quirur.,Frenillectomía en Z 5,5.0,1063500.0
16335,Quirur.,Exostosis maxilar superior 7,7.0,1893100.0
16336,Quirur.,Exostosis mandibular 7,7.0,1893100.0
16337,Quirur.,Osteotomía deslizante (visera) 10,10.0,3170600.0
16340,Quirur.,"Injerto óseo autógeno en maxilares; incluye implates protésicos. No incluye procedimiento quirúrgico para toma de injerto 8",8.0,2080700.0
16341,Quirur.,Injertos aloplásticos cerámicos 8,8.0,2080700.0
16342,Quirur.,"Injertos aloplásticos metálicos (técnica de tornillo espiral o autopenetrante) 6",6.0,1465700.0
16345,Quirur.,Implante hidrosilapotita (cada hemimaxilar) 8,8.0,2080700.0
16346,Quirur.,Implante hidrosilapotita con expansor de periostio 9,9.0,2376100.0
16347,Quirur.,Implante de oseointegración 9,9.0,2376100.0
16348,Quirur.,"Implante de oseointegración e injerto para elevación del piso de seno maxilar 11",11.0,3405400.0
16349,Quirur.,"Implante de oseointegración con desplazamiento del nervio dentario inferior e injerto óseo 11",11.0,3405400.0
16350,Quirur.,"Reducción cerrada fractura de maxilar superior; incluye inmovilización intermaxilar, fijación maxilomandibular, suspensión esquelética, fijación rígida 8",8.0,2080700.0
16351,Quirur.,"Reducción cerrada fractura de maxilar inferior; incluye inmovilización intermaxilar 8",8.0,2080700.0
16352,Quirur.,"Reducción cerrada fracturas alveolares superior o inferior; incluye reimplante dental y fijación 8",8.0,2080700.0
16353,Quirur.,Reducción cerrada fractura de malar 7,7.0,1893100.0
16354,Quirur.,Reducción cerrada de arco sigomático 7,7.0,1893100.0
16360,Quirur.,"Reducción abierta fractura de maxilar superior (Lefort I); incluye inmovilización intermaxilar 10",10.0,3170600.0
16361,Quirur.,"Reducción abierta fractura de maxilar superior (Lefort II y III); incluye fijación intermaxilar 12",12.0,3641200.0
16362,Quirur.,"Reducción abierta fractura de maxilar inferior; incluye inmovilización intermaxilar 10",10.0,3170600.0
16363,Quirur.,"Reducción abierta de fractura alveolar superior o inferior; incluye fractura de tuberosidad maxilar, reimplante dental y fijación 10",10.0,3170600.0
16401,Quirur.,Reducción abierta fractura de arco cigomático 10,10.0,3170600.0
16402,Quirur.,"Reducción abierta fractura de malar; incluye fractura del piso de la órbita (Blow out) 10",10.0,3170600.0
16403,Quirur.,"Reducción abierta fracturas múltiples de huesos faciales; incluye implante o injerto piso orbitario 12",12.0,3641200.0
16500,Quirur.,Extirpación lesión maligna de encía 4,4.0,840100.0
16501,Quirur.,Extirpación lesión maligna de encía con vaciamiento ganglionar 12,12.0,3641200.0
16502,Quirur.,Resección quiste no odontogénico 7,7.0,1893100.0
16503,Quirur.,Exodoncia de incluidos; incluye fijación interdentaria o intermaxilar 7,7.0,1893100.0
16504,Quirur.,"Resección parcial en bloque, maxilar o mandibular 11",11.0,3405400.0
16505,Quirur.,Resección tumor benigno de tejidos blandos 8,8.0,2080700.0
16506,Quirur.,Extirpación tumor benigno en maxilar 8,8.0,2080700.0
16507,Quirur.,Osteoplastia maxilar de lesión fibro ósea 10,10.0,3170600.0
16508,Quirur.,"Osteoplastia varios huesos, lesión fibro ósea 12",12.0,3641200.0
16509,Quirur.,Mascarilla facial para diagnóstico 4,4.0,840100.0
16510,Quirur.,Enucleación quiste odontogénico 7,7.0,1893100.0
16511,Quirur.,Marsupialización quiste odontogénico 5,5.0,1063500.0
16512,Quirur.,Resección tumor odontogénico (excepto tumores no encapsulados) 9,9.0,2376100.0
16513,Quirur.,"Enucleación de quiste epidermoide, vía intraoral 7",7.0,1893100.0
16514,Quirur.,"Enucleación de quiste epidermoide, vía extraoral 9",9.0,2376100.0
16515,Quirur.,"Extirpación de tumor odontogénico encapsulado (preservación de seno o nervio dentario inferior) 7",7.0,1893100.0
16516,Quirur.,"Extirpación de tumor odontogénico encapsulado (compromiso de nervio dentario inferior o seno maxilar) 9",9.0,2376100.0
16517,Quirur.,Extirpación de tumor odontogénico no encapsulado 7,7.0,1893100.0
16518,Quirur.,"Resección tumor odontogénico no encapsulado con injerto óseo, para reconstrucción inmediata (no incluye toma de injerto) 10",10.0,3170600.0
16519,Quirur.,Extirpación de tumor odontogénico cementificante 9,9.0,2376100.0
16550,Quirur.,Descenso de agujero mentonero 9,9.0,2376100.0
16551,Quirur.,"Exploración conducto dentario inferior; incluye descompresión, neurectomías 9",9.0,2376100.0
16552,Quirur.,Neurectomía maxilar superior 10,10.0,3170600.0
16553,Quirur.,"Neurectomía periférica; incluye infraorbitario, largo bucal, lingual,mentonero 5",5.0,1063500.0
17100,Quirur.,Tejido intracraneal 10,10.0,3170600.0
17101,Quirur.,Esteroatáxica 10,10.0,3170600.0
17102,Quirur.,Médula espinal 9,9.0,2376100.0
17103,Quirur.,Meninges vertebrales 9,9.0,2376100.0
17104,Quirur.,Nervio periférico superficial 4,4.0,840100.0
17105,Quirur.,Nervio periférico profundo 7,7.0,1893100.0
17200,Quirur.,Conducto lagrimal 4,4.0,840100.0
17201,Quirur.,Conjuntiva 4,4.0,840100.0
17202,Quirur.,Córnea 5,5.0,1063500.0
17203,Quirur.,Cuerpo ciliar 6,6.0,1465700.0
17204,Quirur.,Esclerótica 5,5.0,1063500.0
17205,Quirur.,Glándula lagrimal 3,3.0,625000.0
17206,Quirur.,Iris 6,6.0,1465700.0
17207,Quirur.,Órbita 6,6.0,1465700.0
17208,Quirur.,Párpado 3,3.0,625000.0
17210,Quirur.,Nariz 3,3.0,625000.0
17211,Quirur.,Pared de senos paranasales 7,7.0,1893100.0
17220,Quirur.,Oído externo 3,3.0,625000.0
17300,Quirur.,Amígdalas y/o vegetaciones adenoides 3,3.0,625000.0
17301,Quirur.,Pared de cavidad bucal 3,3.0,625000.0
17302,Quirur.,Encía 2,2.0,528600.0
17303,Quirur.,Faringe 6,6.0,1465700.0
17304,Quirur.,Glándula salival 4,4.0,840100.0
17305,Quirur.,Labio 2,2.0,528600.0
17306,Quirur.,Laringe o cuerda vocal 8,8.0,2080700.0
17307,Quirur.,Lengua 3,3.0,625000.0
17308,Quirur.,Paladar y úvula 3,3.0,625000.0
17309,Quirur.,Biopsia de huesos maxilares 4,4.0,840100.0
17310,Quirur.,Glándula paratiroides 9,9.0,2376100.0
17311,Quirur.,Abierta de tiroides 8,8.0,2080700.0
17312,Quirur.,Percutánea de tiroides 4,4.0,840100.0
17400,Quirur.,Bronquio 7,7.0,1893100.0
17401,Quirur.,Esófago 6,6.0,1465700.0
17402,Quirur.,Organo mediastinal (incluye timo) 9,9.0,2376100.0
17403,Quirur.,Pericardio 9,9.0,2376100.0
17404,Quirur.,Pleura por punción 4,4.0,840100.0
17405,Quirur.,Pleura por toracotomía 7,7.0,1893100.0
17406,Quirur.,Pulmón por punción 5,5.0,1063500.0
17407,Quirur.,Pulmón por toracotomía 7,7.0,1893100.0
17408,Quirur.,Tráquea 5,5.0,1063500.0
17409,Quirur.,Endomiocárdica 11,11.0,3405400.0
17500,Quirur.,Diafragma 9,9.0,2376100.0
17501,Quirur.,Mesenterio 8,8.0,2080700.0
17504,Quirur.,Estómago por laparatomía 8,8.0,2080700.0
17505,Quirur.,Intestino delgado 8,8.0,2080700.0
17506,Quirur.,Recto o sigmoide 6,6.0,1465700.0
17510,Quirur.,Hígado por laparotomía 8,8.0,2080700.0
17511,Quirur.,Hígado por punción 4,4.0,840100.0
17512,Quirur.,Páncreas 8,8.0,2080700.0
17600,Quirur.,Riñón por lumbotomía 8,8.0,2080700.0
17601,Quirur.,Percutánea de riñón 8,8.0,2080700.0
17602,Quirur.,Glándula suprarrenal 8,8.0,2080700.0
17603,Quirur.,Tejidos perirrenales 8,8.0,2080700.0
17610,Quirur.,Uretra 6,6.0,1465700.0
17611,Quirur.,Vejiga por laparotomía 8,8.0,2080700.0
17612,Quirur.,Pelvis o uréter 8,8.0,2080700.0
17613,Quirur.,Tejido periuretral 8,8.0,2080700.0
17620,Quirur.,Epidídimo 6,6.0,1465700.0
17621,Quirur.,Escroto 3,3.0,625000.0
17622,Quirur.,Pene 4,4.0,840100.0
17623,Quirur.,"Próstata por punción; incluye perineal, transrectal 5",5.0,1063500.0
17624,Quirur.,Próstata (vía abierta) 7,7.0,1893100.0
17625,Quirur.,"Testículo, túnica vaginal o cordón espermático 7",7.0,1893100.0
17626,Quirur.,Conducto deferente 6,6.0,1465700.0
17632,"9 Piel, Mama Y Ano",Periné 3,3.0,625000.0
17633,"9 Piel, Mama Y Ano",Vagina 3,3.0,625000.0
17634,"9 Piel, Mama Y Ano",Glándula de Bartholín 3,3.0,625000.0
17640,"9 Piel, Mama Y Ano",Cuello uterino (cérvix) 3,3.0,625000.0
17641,"9 Piel, Mama Y Ano",Endometrio 3,3.0,625000.0
17642,"9 Piel, Mama Y Ano",Miometrio 8,8.0,2080700.0
17643,"9 Piel, Mama Y Ano",Ovario 8,8.0,2080700.0
17644,"9 Piel, Mama Y Ano",Trompa de Falopio 8,8.0,2080700.0
17700,"9 Piel, Mama Y Ano",Arteria o vena superficial 4,4.0,840100.0
17701,"9 Piel, Mama Y Ano",Arteria o vena profunda 7,7.0,1893100.0
17702,"9 Piel, Mama Y Ano",Ganglio o vaso linfático superficial 4,4.0,840100.0
17703,"9 Piel, Mama Y Ano",Ganglio o vaso linfático profundo 7,7.0,1893100.0
17800,"9 Piel, Mama Y Ano",Médula ósea 5,5.0,1063500.0
17801,"9 Piel, Mama Y Ano",Periostio 4,4.0,840100.0
17802,"9 Piel, Mama Y Ano",Hueso 4,4.0,840100.0
17810,"9 Piel, Mama Y Ano",Aponeurosis 3,3.0,625000.0
17811,"9 Piel, Mama Y Ano",Tejido sinovial 5,5.0,1063500.0
17812,"9 Piel, Mama Y Ano",Cápsula articular 4,4.0,840100.0
17813,"9 Piel, Mama Y Ano",Cartílago 5,5.0,1063500.0
17814,"9 Piel, Mama Y Ano",Ligamento 4,4.0,840100.0
17815,"9 Piel, Mama Y Ano",Músculo 3,3.0,625000.0
17816,"9 Piel, Mama Y Ano",Tendón 3,3.0,625000.0
17900,Quirur.,"Piel y tejido celular subcutáneo, en otros sitios no clasificados 2",2.0,528600.0
17910,Quirur.,Glándula mamaria 4,4.0,840100.0
17920,Quirur.,Ano 3,3.0,625000.0
18100,Quirur.,Laringoscopia o antroscopia 4,4.0,840100.0
18101,Quirur.,Microlaringoscopia 6,6.0,1465700.0
18102,Quirur.,Rinofaringoscopia 6,6.0,1465700.0
18103,Quirur.,Broncoscopia con toma de biopsia 7,7.0,1893100.0
18104,Quirur.,Broncoscopia con lavado bronquial 7,7.0,1893100.0
18105,Quirur.,Fibrobroncoscopia diagnóstica 6,6.0,1465700.0
18106,Quirur.,Torascopia por toracostomía 8,8.0,2080700.0
18107,Quirur.,Mediastinoscopia 8,8.0,2080700.0
18108,Quirur.,Nasosinusoscopia 8,8.0,2080700.0
18109,Quirur.,Fibronasolaringoscopia 8,8.0,2080700.0
18200,Quirur.,Artroscopia diagnóstica de cadera 7,7.0,1893100.0
18201,Quirur.,"Artroscopia diagnóstica de codo, muñeca, tobillo o temporomandibular 6",6.0,1465700.0
18202,Quirur.,"Artroscopia diagnóstica de hombro, rodilla o falanges 5",5.0,1063500.0
18210,Quirur.,Extracción de cuerpos libres intraarticulares en cadera 11,11.0,3405400.0
18211,Quirur.,"Extracción de cuerpos libres intraarticulares en hombro, codo, rodilla, tobillo o articulación temporomandibular 7",7.0,1893100.0
18212,Quirur.,Extracción de cuerpos libres intraarticulares en muñeca o falanges 7,7.0,1893100.0
18213,Quirur.,"Sinovectomía: Cualquier articulación, excepto falanges 10",10.0,3170600.0
18214,Quirur.,Sinovectomía de falanges 7,7.0,1893100.0
18215,Quirur.,Condroplastia de hombro o rodilla 11,11.0,3405400.0
18216,Quirur.,"Condroplastia de codo, muñeca, cadera o tobillo 12",12.0,3641200.0
18217,Quirur.,Condroplastia de falanges 7,7.0,1893100.0
18218,Quirur.,Acromioplastia más extracción de calcificaciones 8,8.0,2080700.0
18219,Quirur.,Capsulorrafia para luxación de hombro 10,10.0,3170600.0
18220,Quirur.,Tratamiento de capsulitis adhesiva de hombro 9,9.0,2376100.0
18221,Quirur.,Remoción de plicas en codo 7,7.0,1893100.0
18222,Quirur.,Artrodesis escafosemilunar 6,6.0,1465700.0
18223,Quirur.,Liberación del tunel carpiano 7,7.0,1893100.0
18224,Quirur.,Sutura de fibrocartílago triangular en muñeca 9,9.0,2376100.0
18225,Quirur.,Debridamiento en fibrocartílago triangular en muñeca 7,7.0,1893100.0
18226,Quirur.,Resección de tercio distal de clavícula 7,7.0,1893100.0
18227,Quirur.,Resección de labrum roto en hombro 6,6.0,1465700.0
18228,Quirur.,Sutura del manguito rotador 9,9.0,2376100.0
18229,Quirur.,Osteosíntesis por fracturas osteocondrales o de la espinal tibial 10,10.0,3170600.0
18230,Quirur.,"Osteosíntesis por fracturas intraarticulares u osteítis disecante en rodilla 10",10.0,3170600.0
18231,Quirur.,Liberación de adherencias en rodilla 7,7.0,1893100.0
18232,Quirur.,Liberación de adherencias más cuadriceplastia 10,10.0,3170600.0
18233,Quirur.,Menisectomía media o lateral 13,13.0,3886300.0
18234,Quirur.,"Reconstrucción de ligamento cruzado anterior con injerto autólogo o con aloinjerto 20",20.0,3572200.0
18237,Quirur.,Tratamiento de artritis séptica de rodilla 7,7.0,1893100.0
18238,Quirur.,Resección de plica en rodilla 6,6.0,1465700.0
18239,Quirur.,Relajación de retináculo lateral en rodilla 7,7.0,1893100.0
18240,Quirur.,"Relajación de retináculo lateral más osteotomía de realineación en rodilla 10",10.0,3170600.0
18241,Quirur.,"Relajación de retináculo lateral más osteotomía de realineación, más plicatura de retináculo medial en rodilla 13",13.0,3886300.0
18242,Quirur.,Osteosíntesis franturas de tobillo 11,11.0,3405400.0
18243,Quirur.,Reparación del ligamento peroneoastragalino anterior 8,8.0,2080700.0
18300,Quirur.,Esofagogastroduodenoscopia 6,6.0,1465700.0
18301,Quirur.,Esofagogastroduodenoscopia en acto quirúrgico 7,7.0,1893100.0
18302,Quirur.,Esofagoscopia 5,5.0,1063500.0
18303,Quirur.,Estudio de motilidad esofágica 9,9.0,2376100.0
18310,Quirur.,Esofagoscopia rigida para extracción de cuerpo extraño 10,10.0,3170600.0
18311,Quirur.,Esofagoscopia flexible para extracción de cuerpo extraño 9,9.0,2376100.0
18312,Quirur.,Esofagoscopia para dilatación (sesión) 6,6.0,1465700.0
18313,Quirur.,Esofagoscopia para dilatación neumática con balón (sesión) 7,7.0,1893100.0
18314,Quirur.,Esofagoscopia para esclerosis de várices (sesión) 7,7.0,1893100.0
18315,Quirur.,Esofagoscopia con colocación de prótesis endoesofágica 7,7.0,1893100.0
18316,Quirur.,"Esofagoscopia para control de hemorragia o para fulguración de lesión de mucosa 8",8.0,2080700.0
18317,Quirur.,Papilotomía endoscópica en estómago o duodeno 11,11.0,3405400.0
18318,Quirur.,Gastrotomía endoscópica 8,8.0,2080700.0
18319,Quirur.,"E G D C para control de hemorragia o fulguración de lesión en mucosa 8",8.0,2080700.0
18320,Quirur.,E G D C con extracción de cuerpo extraño 7,7.0,1893100.0
18321,Quirur.,Yeyunostomía endoscópica percutánea 10,10.0,3170600.0
18322,Quirur.,Endoscopia de intestino delgado con extracción de cuerpo extraño 10,10.0,3170600.0
18323,Quirur.,"Endoscopia de intestino delgado con papilotomía control de hemorragia o fulguración de lesión de mucosa 11",11.0,3405400.0
18324,Quirur.,Endoscopia de ileostomía continente 10,10.0,3170600.0
18400,Quirur.,Colangiografía retrógrada transduodenal 9,9.0,2376100.0
18401,Quirur.,E R C P Endoscopia para colangiopancreatografía retrógrada 10,10.0,3170600.0
18410,Quirur.,E R C P para esfinterotomía y/o papilotomía 11,11.0,3405400.0
18411,Quirur.,E R C P para extracción de cálculos biliares 12,12.0,3641200.0
18412,Quirur.,E R C P para litotripsia de cálculos biliares cualquier método 12,12.0,3641200.0
18413,Quirur.,"E R C P para manometría de esfinter, de Oddi 12",12.0,3641200.0
18414,Quirur.,E R C P para drenaje nasobiliar (sin Kit) 12,12.0,3641200.0
18415,Quirur.,"E R C P para colocación o reinserción, de Stent, en conducto biliar o pancreática 13",13.0,3886300.0
18416,Quirur.,"E R C P para dilatación con balón de ampolla, de conducto biliar o pancreático 13",13.0,3886300.0
18500,Quirur.,Anoscopia (proctoscopia) 3,3.0,625000.0
18501,Quirur.,Rectosigmoidoscopia-equipo rígido 5,5.0,1063500.0
18502,Quirur.,Rectosigmoidoscopia-equipo flexible 6,6.0,1465700.0
18503,Quirur.,Colonoscopia izquierda 8,8.0,2080700.0
18504,Quirur.,Colonoscopia total 10,10.0,3170600.0
18505,Quirur.,Colonoscopia en acto quirúrgico 11,11.0,3405400.0
18506,Quirur.,Manometría rectal 9,9.0,2376100.0
18510,Quirur.,Rectosigmoidoscopia para extracción de cuerpo extraño 8,8.0,2080700.0
18511,Quirur.,Colonoscopia para extracción de cuerpo extraño 11,11.0,3405400.0
18512,Quirur.,"Sigmoidoscopia para resección de pólipos, control de hemorragia o fulguración de lesión de mucosa 11",11.0,3405400.0
18514,Quirur.,"Colonoscopia para resección de pólipos, control de hemorragia o fulguración de lesión de mucosa 12",12.0,3641200.0
18600,Quirur.,Laparoscopia exploradora 5,5.0,1063500.0
18601,Quirur.,Laparoscopia con biopsia 9,9.0,2376100.0
18700,Quirur.,Pieloscopia 5,5.0,1063500.0
18701,Quirur.,Ureteroscopia 6,6.0,1465700.0
18702,Quirur.,Ureterorrenoscopia 12,12.0,3641200.0
18703,Quirur.,Cistoscopia 6,6.0,1465700.0
18704,Quirur.,Cistoscopia y biopsia vesical 9,9.0,2376100.0
18705,Quirur.,Cistoscopia y cateterismo ureteral 9,9.0,2376100.0
18706,Quirur.,Cistoscopia y calibración uretral 9,9.0,2376100.0
18707,Quirur.,Cistoscopia y pielografía retrógada 9,9.0,2376100.0
18710,Quirur.,Ureterolitotomía 10,10.0,3170600.0
18711,Quirur.,Ureterolitotomía ultrasónica 20,20.0,3572200.0
18712,Quirur.,Extracción cuerpo extraño en vejiga 9,9.0,2376100.0
18713,Quirur.,Cistolitotomía 11,11.0,3405400.0
18714,Quirur.,Cistolitotomía ultrasónica 12,12.0,3641200.0
18715,Quirur.,Meatotomía ureteral 9,9.0,2376100.0
18716,Quirur.,Resección de lesión piélica 11,11.0,3405400.0
18717,Quirur.,Pieloplastia endoscópica 13,13.0,3886300.0
18718,Quirur.,Colocación de prótesis endoureteral (cateter J J ) 9,9.0,2376100.0
18719,Quirur.,Evacuación endoscópica de coágulos o detritus endovesicales 9,9.0,2376100.0
18720,Quirur.,"Fulguración transuretral por sangrado (no incluye sangrado post-operatorio) 12",12.0,3641200.0
18810,Quirur.,Extracción cuerpo extraño en uretra 10,10.0,3170600.0
18811,Quirur.,Esfinterotomía 12,12.0,3641200.0
18812,Quirur.,Resección de valvas congénitas uretrales 10,10.0,3170600.0
18813,Quirur.,Uretrolitotomía 10,10.0,3170600.0
18814,Quirur.,Extirpación y/o electrofulguración lesiones uretrales 9,9.0,2376100.0
18815,Quirur.,Drenaje absceso próstata 8,8.0,2080700.0
18816,Quirur.,Control hemorragia prostática 8,8.0,2080700.0
18817,Quirur.,Uretrotomía interna endoscópica 10,10.0,3170600.0
18818,Quirur.,Resección transuretral de divertículos uretrales 12,12.0,3641200.0
18819,Quirur.,Inyección periuretral para tratamiento de incontinencia 12,12.0,3641200.0
18900,Quirur.,Amnioscopia 4,4.0,840100.0
18901,Quirur.,Colpomicroscopía 3,3.0,625000.0
18902,Quirur.,Histeroscopia 3,3.0,625000.0
18903,Quirur.,Colposcopia (vaginoscopia) 2,2.0,528600.0
18910,Quirur.,Sección y/o ligadura de trompa de Falopio por laparoscopia 5,5.0,1063500.0
19001,Quirur.,"Acetaminofén 5,93",,68500.0
19002,Quirur.,"Acetoacetato 15,90",,183700.0
19003,Quirur.,"Acido ascórbico 1,81",,20900.0
19004,Quirur.,"Acidos biliares 6,36",,73500.0
19005,Quirur.,"Acido delta aminolevulínico 9,32",,107700.0
19006,Quirur.,"Acido fólico 8,04",,92900.0
19007,Quirur.,"Acidos grasos de cadena muy larga cuantificación 63,74",,736300.0
19008,Quirur.,"Acido 5 Hidroxi indolacético (Serotonina) 5,24",,60500.0
19011,Quirur.,"Acidos orgánicos, espectometría de masas 31,85",,367900.0
19012,Quirur.,"Acidos orgánicos en orina(cromatografía de gas) 21,15",,244300.0
19013,Quirur.,"Acido orótico 8,68",,100300.0
19014,Quirur.,"Acido pirúvico 10,83",,125100.0
19015,Quirur.,"Acido siálico 5,67",,65500.0
19016,Quirur.,"Acido succínico 3,17",,36600.0
19017,Quirur.,"Acido úrico 2,11",,24400.0
19019,Quirur.,"Acido valpróico 7,91",,91400.0
19020,Quirur.,"Acido vanil mandélico 11,69",,135000.0
19021,Quirur.,"Addis,recuento de 2,07",,23900.0
19022,Quirur.,"Adenosín de aminasa 2,11",,24400.0
19025,Quirur.,"Adrenocorticotrópica hormona ACTH 8,56",,98900.0
19026,Quirur.,"Aglutininas ( en caliente y en frío) 1,89",,21800.0
19027,Quirur.,"Agregación plaquetaria (cada muestra) 3,62",,41800.0
19031,Quirur.,"Agua, examen físico -químico 6,83",,78900.0
19032,Quirur.,"Agua, examen microbiológico 6,83",,78900.0
19033,Quirur.,"Albert coloración (Loeffler) 2,22",,25600.0
19036,Quirur.,"Albúmina 1,28",,14800.0
19037,Quirur.,"Albúmina ácida 3,17",,36600.0
19038,Quirur.,"Alcaloides 7,00",,80900.0
19039,Quirur.,"Alcohol etílico 5,11",,59000.0
19043,Quirur.,"Alcohol metílico 5,11",,59000.0
19044,Quirur.,"Aldolasa 5,07",,58600.0
19045,Quirur.,"Aldosterona 16,89",,195100.0
19049,Quirur.,"Alfa 1 antitripsina 5,72",,66100.0
19050,Quirur.,"Alfa 1 glicoproteína 3,28",,37900.0
19051,Quirur.,"Alfa 2 HS glicoproteína 3,28",,37900.0
19055,Quirur.,"Alfa 2 macroglobulina 3,09",,35700.0
19056,Quirur.,"Alfa fetoproteína 10,57",,122100.0
19057,Quirur.,"Alfa iduronidasa 13,80",,159400.0
19058,Quirur.,"Alucinógenos (LSD) 6,15",,71000.0
19061,Quirur.,"Amikacina 5,37",,62000.0
19062,Quirur.,"Amilasa 2,45",,28300.0
19063,Quirur.,"Aminoácidos en orina, por cromatografía 9,41",,108700.0
19064,Quirur.,"Aminoácidos en orina prueba cualitativa, cada uno 2,98",,34400.0
19065,Quirur.,"Aminoácidos en sangre, por cromatografía 8,72",,100700.0
19066,Quirur.,"Aminoacidograma 63,74",,736300.0
19067,Quirur.,"Aminotransferasas 21,28",,245800.0
19068,Quirur.,"Amitriptilina (Triptanol) 7,99",,92300.0
19069,Quirur.,"Amonio 4,90",,56600.0
19070,Quirur.,"Androstenediona 16,04",,185300.0
19073,Quirur.,"Androsterona 11,05",,127600.0
19074,Quirur.,"Anfetaminas 7,86",,90800.0
19075,Quirur.,"Antibiograma 3,92",,45300.0
19079,Quirur.,"Anticoagulantes circulantes 7,99",,92300.0
19080,Quirur.,"Anticoagulante lúpico 8,72",,100700.0
19081,Quirur.,"Anticuerpos anti-acetilcolina 9,54",,110200.0
19082,Quirur.,"Anticuerpos anti-cardiolipina 14,01",,161800.0
19083,Quirur.,"Anticuerpos anti-células parietales 8,94",,103300.0
19084,Quirur.,"Anticuerpos anti-centrómero 13,15",,151900.0
19085,Quirur.,"Anticuerpos anti-citoplasmáticos 10,10",,116700.0
19086,Quirur.,"Anticuerpos anti-DNA 15,82",,182800.0
19087,Quirur.,"Anti-nDNA 9,67",,111700.0
19090,Quirur.,"Anticuerpos anti-fosfolípidos 9,93",,114700.0
19091,Quirur.,"Anticuerpos anti-insulina 7,86",,90800.0
19092,Quirur.,"Anticuerpos anti-islotes 9,67",,111700.0
19093,Quirur.,"Anticuerpos anti-mitocondria 6,40",,73900.0
19094,Quirur.,"Anticuerpos anti-músculo liso 6,36",,73500.0
19097,Quirur.,"Anticuerpos anti-nucleares 8,99",,103900.0
19098,Quirur.,"Anticuerpos anti-nucleares extractables totales(ENA) 19,17",,221500.0
19099,Quirur.,"Anticuerpos anti-plaquetas 5,84",,67500.0
19103,Quirur.,"Anticuerpos anti-PM1 14,40",,166300.0
19104,Quirur.,"Anticuerpos anti-PM2 14,40",,166300.0
19105,Quirur.,"Anticuerpos anti-PM/SCL 14,40",,166300.0
19109,Quirur.,"Anticuerpos anti-RNP y SM o RO y LA 14,40",,166300.0
19110,Quirur.,"Anticuerpos anti-SCL 70 14,40",,166300.0
19111,Quirur.,"Anticuerpos anti-SSA 14,40",,166300.0
19115,Quirur.,"Anticuerpos anti-SSB 14,40",,166300.0
19116,Quirur.,"Anticuerpos anti-tiroideos coloidales 8,04",,92900.0
19117,Quirur.,"Anticuerpos anti-tiroideos microsomales 9,29",,107300.0
19121,Quirur.,"Anticuerpos anti-tiroideos tiroglobulínicos 9,29",,107300.0
19122,Quirur.,"Anticuerpos citotóxicos 36,70",,424000.0
19123,Quirur.,"Anticuerpos heterófilos específicos o absorbidos 2,49",,28800.0
19127,Quirur.,"Anticuerpos heterófilos totales 4,56",,52700.0
19128,Quirur.,"Antiestreptolisinas O, prueba cualitativa 4,43",,51200.0
19129,Quirur.,"Antiestreptolisinas O, prueba cuantitativa 5,33",,61600.0
19133,Quirur.,"Antígeno 15-3 para cáncer de mama 24,11",,278500.0
19134,Quirur.,"Antígeno 19-9 para cáncer de tubo digestivo 19,39",,224000.0
19135,Quirur.,"Antígeno 125 para cáncer de ovario 19,39",,224000.0
19136,Quirur.,"Antigenosbacterianos en LCR,orina o sangre (prueba de látex polivalente para meningitis) 21,28",,245800.0
19139,Quirur.,"Antígeno carcinoembrionario 16,04",,185300.0
19140,Quirur.,"Antígeno específico para cáncer de próstata 19,51",,225400.0
19141,Quirur.,"Antígenos microbianos 7,78",,89900.0
19142,Quirur.,"Antitrombina III 9,29",,107300.0
19143,Quirur.,"Apolipoproteínas A y B 16,59",,191600.0
19144,Quirur.,"Arbovirus (FA, EEV, Dengue) prueba presuntiva (IHA) 13,37",,154500.0
19145,Quirur.,"Arbovirus (FA, EEV, Dengue) prueba confirmatoria( neutralización) 27,29",,315300.0
19146,Quirur.,"Arilsulfatasa A, en leucocitos 14,66",,169400.0
19147,Quirur.,"Arilsulfatasa A, en suero 9,93",,114700.0
19148,Quirur.,"Arilsulfatasa B, en leucocitos 15,30",,176700.0
19149,Quirur.,"Arsénico 4,51",,52100.0
19150,Quirur.,"Aspartilcilasa, en leucocitos 15,30",,176700.0
19151,Quirur.,"Asparragina 21,28",,245800.0
19152,Quirur.,"Azúcares por cromatografía 6,49",,75000.0
19153,Quirur.,"Azúcares reductores 1,40",,16200.0
19154,Quirur.,"B galactocidasa, en leucocitos 15,30",,176700.0
19155,Quirur.,"B glucocidasa, en leucocitos 15,30",,176700.0
19156,Quirur.,"BH4 109,85",,1269000.0
19157,Quirur.,"Baciloscopia 2,00",,23100.0
19158,Quirur.,"Bandas oligoclonales, en suero y LCR 8,04",,92900.0
19159,Quirur.,"Barbitúricos 7,00",,80900.0
19160,Quirur.,"Benzodiazepinas 7,48",,86400.0
19163,Quirur.,"Beta 2 macroglobulina 4,86",,56100.0
19166,Quirur.,"Betahidroxibutirato 15,90",,183700.0
19169,Quirur.,"Bilirrubina directa 1,31",,15100.0
19170,Quirur.,"Bilirrubina total 1,70",,19600.0
19171,Quirur.,"Biotinidasa, en suero 7,65",,88400.0
19175,Quirur.,"Cadmio 6,57",,75900.0
19176,Quirur.,"Cafeína 5,72",,66100.0
19177,Quirur.,"Calcio colorimétrico 2,68",,31000.0
19181,Quirur.,"Calcitonina 18,31",,211500.0
19182,Quirur.,"Calculo biliar, físico-químico 4,26",,49200.0
19183,Quirur.,"Calculo renal, físico-químico 9,54",,110200.0
19187,Quirur.,"Campo oscuro (cualquier muestra) 4,34",,50100.0
19188,Quirur.,"Canabinoides 3,84",,44400.0
19189,Quirur.,"Carbamazepina 11,78",,136100.0
19190,Quirur.,"Carbohidratos, determinación( Benedict, Selliwanoff, glucosa oxidasa), cada uno 4,30",,49700.0
19193,Quirur.,"Carbono monóxido 4,56",,52700.0
19194,Quirur.,"Carotenos 3,47",,40100.0
19195,Quirur.,"Catecolaminas diferenciada 4,99",,57600.0
19199,Quirur.,"Ceruloplasmina 6,27",,72400.0
19200,Quirur.,"Cetonas 1,17",,13500.0
19201,Quirur.,"Cianuros 4,56",,52700.0
19205,Quirur.,"Ciclosporina 11,69",,135000.0
19206,Quirur.,"Cisticercosis determinación de Ac 8,04",,92900.0
19207,Quirur.,"Citomegalovirus anticuerpos G 8,38",,96800.0
19211,Quirur.,"Citomegalovirus anticuerpos M 8,38",,96800.0
19213,Quirur.,"Clamidia tracomatis antígeno 8,34",,96300.0
19217,Quirur.,"Clasificación inmunológica de leucemia 18,05",,208500.0
19218,Quirur.,"Clasificación inmunológica de linfoma 21,28",,245800.0
19219,Quirur.,"Clonazepán 8,16",,94300.0
19223,Quirur.,"Clorpromacina 5,37",,62000.0
19224,Quirur.,"Cloruro 1,43",,16500.0
19225,Quirur.,"Clorurode cetil piritinium 6,36",,73500.0
19226,Quirur.,"Cloruro férrico 2,19",,25300.0
19227,Quirur.,"Coagulación, tiempo de 1,84",,21300.0
19230,Quirur.,"Coagulación, tiempo de retracción 2,00",,23100.0
19231,Quirur.,"Cobre 6,57",,75900.0
19235,Quirur.,"Cocaína (metabolito) 7,13",,82400.0
19236,Quirur.,"Coccidiomicosis, determinación de Ac 6,36",,73500.0
19237,Quirur.,"Colesterol HDL 3,17",,36600.0
19241,Quirur.,"Colesterol LDL 3,73",,43100.0
19242,Quirur.,"Colesterol Total 3,84",,44400.0
19243,Quirur.,"Colinesterasa, en glóbulos rojos 4,56",,52700.0
19244,Quirur.,"Colinesterasa, en sangre total 5,07",,58600.0
19247,Quirur.,"Colinesterasa, sérica 4,56",,52700.0
19248,Quirur.,"Coloraciones especiales 4,43",,51200.0
19249,Quirur.,"Coloraciones inmuno-cito e Histoquímicas (peroxidasa, Otras) 11,51",,133000.0
19253,Quirur.,"Coloración para Baar (Zielh-Nielsen) 2,19",,25300.0
19254,Quirur.,"Complemento C3 o C4 cuantitativo 12,85",,148400.0
19255,Quirur.,"Complemento C3 o C4 semicuantitativo 5,07",,58600.0
19259,Quirur.,"Complemento hemolítico CH50 9,62",,111100.0
19260,Quirur.,"Coombs directo 2,34",,27000.0
19261,Quirur.,"Coombs indirecto, prueba cualitativa 1,40",,16200.0
19267,Quirur.,"Coprológico 1,24",,14300.0
19271,Quirur.,"Coprológico, por concentración 1,89",,21800.0
19272,Quirur.,"Coproporfirinas 3,84",,44400.0
19273,Quirur.,"Coproscópico (incluye:ph, sangre azucares reductores y parásitos) 4,90",,56600.0
19277,Quirur.,"Corticosteroides 17 hidroxi 4,94",,57100.0
19278,Quirur.,"Cortisol 8,94",,103300.0
19279,Quirur.,"Cortisol, prueba de estimulación 11,39",,131600.0
19280,Quirur.,"Creatina 2,11",,24400.0
19283,Quirur.,"Creatincinasa CK 2,90",,33500.0
19284,Quirur.,"Creatincinasa con separación de isoenzimas 7,00",,80900.0
19285,Quirur.,"Creatincinasa fracción MB 4,07",,47000.0
19289,Quirur.,"Creatinina, depuración 2,90",,33500.0
19290,Quirur.,"suero, orina y otros 1,81",,20900.0
19291,Quirur.,"Crecimiento hormona, con estímulo de clonidina post-ejercicio 24,84",,287000.0
19292,Quirur.,"Crecimiento hormona somatotrópica 11,56",,133500.0
19295,Quirur.,"Crioglobulina 1,89",,21800.0
19296,Quirur.,"Crio hemolisinas 1,62",,18700.0
19297,Quirur.,"Criptococcus neoformans, Búsqueda de antígeno por látex 5,07",,58600.0
19301,Quirur.,"Criptococcus neoformans, cultivo, 4,94",,57100.0
19302,Quirur.,"Criptococcus neoformans, examen directo por tinta china 2,45",,28300.0
19303,Quirur.,"Criptosporidiasis (coloración Z-N modificada) 3,58",,41400.0
19304,Quirur.,"Cuadro hemático o hemograma hematocrito y leucograma 3,13",,36200.0
19307,Quirur.,"Cuerpos de Heinz 1,66",,19200.0
19308,Quirur.,"Cultivo para anaerobios 8,38",,96800.0
19309,Quirur.,"Cultivo para hongos 4,43",,51200.0
19313,Quirur.,"Cultivo para mycobacterium 9,07",,104800.0
19314,Quirur.,"Cultivo para mycoplasma 3,84",,44400.0
19315,Quirur.,"Cultivo para virus 28,02",,323700.0
19316,Quirur.,"Cultivo y antibiograma para microorganismos 7,40",,85500.0
19319,Quirur.,"Cultivos especiales para microorganismos 5,07",,58600.0
19320,Quirur.,"Curva de agregación plaquetaria 20,42",,235900.0
19321,Quirur.,"Curva de tolerancia a la fenilalaninapos estímulo con BH-4 38,21",,441400.0
19322,Quirur.,"Curva de tolerancia a la galactosa 7,65",,88400.0
19323,Quirur.,"Curva de toleracia a la glucosa (5 muestras) 8,68",,100300.0
19326,Quirur.,"Dehidroepinandrosterona 14,66",,169400.0
19327,Quirur.,"Dehidroepinandrosterona sulfato 11,51",,133000.0
19329,Quirur.,"Deshidrogenasa hidroxibutirica HBDH 7,78",,89900.0
19332,Quirur.,"Deshidrogenasa láctica LDH 2,22",,25600.0
19333,Quirur.,"Deshidrogenasa láctica con separación de isoenzimas 6,92",,79900.0
19334,Quirur.,"Desipramina 9,54",,110200.0
19338,Quirur.,"Digitoxina 7,40",,85500.0
19339,Quirur.,"Digoxina 9,75",,112600.0
19340,Quirur.,"Dinitrofenil Hidracina 2,30",,26600.0
19341,Quirur.,"Disopiramida 5,72",,66100.0
19344,Quirur.,"Drepanocitos 1,40",,16200.0
19345,Quirur.,"Dxilosa 10,83",,125100.0
19352,Quirur.,"Elastasa 7,00",,80900.0
19353,Quirur.,"Embarazo, prueba cualitativa por (RIA, ELISA o en placa monoclonal) 6,10",,70500.0
19354,Quirur.,"Embarazo, prueba en placa (látex, policlonal) 2,49",,28800.0
19355,Quirur.,"Entamoeba histolítica, determinación de Ac 2,34",,27000.0
19356,Quirur.,"Enterovirus, determinación de Ac 6,92",,79900.0
19357,Quirur.,"Enzimas en suero-cuantificación 21,28",,245800.0
19358,Quirur.,"Enzimas enfermedades de substancia blanca, c/u 42,46",,490500.0
19359,Quirur.,"Enzimas enfermedades de substancia gris, c/u 42,46",,490500.0
19360,Quirur.,"Enzimas glicolíticas, c/u 42,46",,490500.0
19361,Quirur.,"Enzimas lisosomales, medicion 63,74",,736300.0
19362,Quirur.,"Enzimas metabolismo del glicógeno 42,46",,490500.0
19363,Quirur.,"Enzimas mitocondriales 63,74",,736300.0
19364,Quirur.,"Eosinófilos, recuento (cualquier muestra) 2,00",,23100.0
19365,Quirur.,"Epinandrosterona 8,94",,103300.0
19368,Quirur.,"Escopolamina 5,93",,68500.0
19369,Quirur.,"Espermograma básico incluye: morfología recuento) 6,83",,78900.0
19370,Quirur.,"Espermograma con bioquímica (incluye: ácido cítrico, fructuosa, gliceril-osforil-colina) 11,86",,137000.0
19374,Quirur.,"Esterasa isoenzimas 6,49",,75000.0
19375,Quirur.,"Esterasa pancreática 6,49",,75000.0
19376,Quirur.,"Esteroides 17 Cetos 9,75",,112600.0
19380,Quirur.,"Estradiol 10,32",,119200.0
19381,Quirur.,"Estreptomicina 5,84",,67500.0
19382,Quirur.,"Estricnina 9,15",,105700.0
19386,Quirur.,"Estriol 10,23",,118200.0
19387,Quirur.,"Estrógenos 5,84",,67500.0
19388,Quirur.,"Etosuximida 5,37",,62000.0
19389,Quirur.,"FSH y LH post-gonarelina 25,49",,294500.0
19393,Quirur.,"Factor plaquetario III (CELITE) 5,54",,64000.0
19394,Quirur.,"Factor RA, prueba cuantitativa de alta precisión 3,28",,37900.0
19395,Quirur.,"Factor RA, prueba semicuantitativa 2,07",,23900.0
19399,Quirur.,"Factor Rh anti D o factor D 2,98",,34400.0
19400,Quirur.,"Factor Rh (C, c, E, e) 3,36",,38800.0
19401,Quirur.,"Factor V Labil 3,58",,41400.0
19405,Quirur.,"Factor VII 3,58",,41400.0
19406,Quirur.,"Factor VIII 3,58",,41400.0
19407,Quirur.,"Factor IX 3,58",,41400.0
19411,Quirur.,"Factor X 3,58",,41400.0
19412,Quirur.,"Factor XI 3,58",,41400.0
19413,Quirur.,"Factor XII 3,58",,41400.0
19417,Quirur.,"Factor XIII 3,58",,41400.0
19418,Quirur.,"Factor Von Willebrand 3,58",,41400.0
19419,Quirur.,"Factores A1- A2-H y otros ligados a los grupos sanguíneos 1,06",,12200.0
19423,Quirur.,"Fagocitosis, estudio de capacidad fagocitaria de leucocitos 2,57",,29700.0
19424,Quirur.,"Fenciclidina 4,26",,49200.0
19425,Quirur.,"Fenilalanina 2,98",,34400.0
19426,Quirur.,"Fenilalanina en sangre, prueba de inhibición microbiológica (Test de Guthrie) 15,30",,176700.0
19429,Quirur.,"Fenil cetonuria 2,00",,23100.0
19435,Quirur.,"Fenotiacinas 5,37",,62000.0
19436,Quirur.,"Ferritina 7,22",,83400.0
19437,Quirur.,"Fibrina 1,66",,19200.0
19441,Quirur.,"Fibrinógeno 2,87",,33200.0
19442,Quirur.,"Fibrinógeno, productos de degradación 4,43",,51200.0
19443,Quirur.,"Fibrinolisis 1,54",,17800.0
19444,Quirur.,"Fibroblastos, cultivo 84,92",,981000.0
19445,Quirur.,"Fibroplastos, medición enzimática en cultivo de 106,20",,1226800.0
19446,Quirur.,"Folatos 10,23",,118200.0
19447,Quirur.,"Folículo estimulante FSH 11,51",,133000.0
19448,Quirur.,"Fosfatasa ácida 2,68",,31000.0
19449,Quirur.,"Fosfatasa ácida determinación en leucocitos 5,72",,66100.0
19453,Quirur.,"Fosfatasa ácida prostática que detecte estado 7,00",,80900.0
19454,Quirur.,"Fosfatasa alcalina 2,30",,26600.0
19455,Quirur.,"Fosfatasa alcalina, determinación en leucocitos 5,72",,66100.0
19459,Quirur.,"Fosfatasa alcalina isoenzimas 3,47",,40100.0
19460,Quirur.,"Fosfatidil glicerol 7,65",,88400.0
19461,Quirur.,"Fosfatidil inositol 7,65",,88400.0
19462,Quirur.,"Fosfofructocinasa 14,01",,161800.0
19463,Quirur.,"Fosforilasa 14,01",,161800.0
19465,Quirur.,"Fósforo colorimétrico 2,53",,29200.0
19466,Quirur.,"Fragilidad capilar 2,00",,23100.0
19467,Quirur.,"Fragilidad osmótica (resistencia globular) 2,00",,23100.0
19472,Quirur.,"Frotis rectal, identificación de trofozoitos 2,87",,33200.0
19473,Quirur.,"Fructosamina 3,51",,40500.0
19478,Quirur.,"Galactosa 3,47",,40100.0
19479,Quirur.,"Galactosa uridil transferasa 9,54",,110200.0
19480,Quirur.,"Gamaglutamil transferasa GGT 3,84",,44400.0
19481,Quirur.,"Gangliosidos en orina, por cromatografía 10,32",,119200.0
19482,Quirur.,"Gases arteriales 7,00",,80900.0
19484,Quirur.,"Gastrina 17,32",,200100.0
19485,Quirur.,"Gentamicina 8,13",,93900.0
19486,Quirur.,"Glicina 14,66",,169400.0
19487,Quirur.,"Globulina trasportadora de T3, TBG 9,20",,106300.0
19488,Quirur.,"Glucogeno, curva de estimulación con glucagón, midiendo glucosa y ácido láctico 38,21",,441400.0
19490,Quirur.,"Glucosa (en suero, LCR, otros fluidos) 1,89",,21800.0
19491,Quirur.,"Glucosa 6. fofatasa 14,27",,164800.0
19492,Quirur.,"Glucosa 6. fosfato deshidrogenasa 6,83",,78900.0
19493,Quirur.,"Glucosa pre y post carga o test de O'sullivan 4,77",,55100.0
19496,Quirur.,"Glucosuria y cetonuria 1,28",,14800.0
19497,Quirur.,"Gram, tinción y lectura (cualquier muestra) 1,62",,18700.0
19498,Quirur.,"Grasas neutras en MF 2,68",,31000.0
19503,Quirur.,"Ham, prueba 3,21",,37100.0
19504,Quirur.,"Haptoglobina 4,26",,49200.0
19505,Quirur.,"Hematocrito 0,566",,6500.0
19509,Quirur.,"Hemoclasificación (grupo sanguíneo y factor RH) 4,00",,46200.0
19510,Quirur.,"Hemoclasificación, prueba globular 1,66",,19200.0
19511,Quirur.,"Hemoclasificación, prueba sérica 4,43",,51200.0
19514,Quirur.,"Hemocultivo 8,94",,103300.0
19515,Quirur.,"Hemoglobina A2 por cromatografía de columna 6,62",,76500.0
19516,Quirur.,"Hemoglobina, alquilación de 5,42",,62600.0
19521,Quirur.,"Hemoglobina, fracciones por electroforesis 12,55",,145000.0
19522,Quirur.,"Hemoglobina glicosilada 6,92",,79900.0
19523,Quirur.,"Hemoglobina libre en plasma 5,97",,69000.0
19527,Quirur.,"Hemoglobina materna y fetal (APT) 2,68",,31000.0
19528,Quirur.,"Hemoglobina materna y fetal (Kli Haner) 2,45",,28300.0
19529,Quirur.,"Hemoglobinuria 3,47",,40100.0
19533,Quirur.,"Hemolisinas 4,03",,46600.0
19534,Quirur.,"Hemoparasitos (frotis, gota gruesa) 1,62",,18700.0
19535,Quirur.,"Hemosiderina 7,13",,82400.0
19539,Quirur.,"Heparina, dosificación de 1,28",,14800.0
19540,Quirur.,"Hepatitis A, anticuerpo G 13,62",,157300.0
19541,Quirur.,"Hepatitis A, anticuerpo M 11,13",,128600.0
19542,Quirur.,"Hepatitis B, anticuerpo anti central G 10,83",,125100.0
19545,Quirur.,"Hepatitis B, anticuerpo anti central M 13,62",,157300.0
19546,Quirur.,"Hepatitis B, anticuerpo anti E 13,62",,157300.0
19547,Quirur.,"Hepatitis B, anticuerpo anti superficial 13,62",,157300.0
19548,Quirur.,"Heridas: microscópico, cultivo y AB, gérmenes comunes 21,28",,245800.0
19549,Quirur.,"Heridas: microscópico, cultivo y AB, anaerobios 23,90",,276100.0
19551,Quirur.,"Hepatitis B, antígeno de superficie 13,62",,157300.0
19552,Quirur.,"Hepatitis B, antígeno E 13,62",,157300.0
19553,Quirur.,"Hepatitis B, anti DNA polimerasa 13,62",,157300.0
19557,Quirur.,"Hepatitis Delta anticuerpo 11,13",,128600.0
19558,Quirur.,"Hepatitis Delta, antígeno 11,13",,128600.0
19559,Quirur.,"Hepatitis C, anticuerpo G 15,30",,176700.0
19563,Quirur.,"Herpes I, anticuerpo G 11,99",,138500.0
19564,Quirur.,"Herpes II, anticuerpo G 11,99",,138500.0
19565,Quirur.,"Herpes, anticuerpo M 11,99",,138500.0
19566,Quirur.,"Herpes, antígeno 8,46",,97700.0
19568,Quirur.,"Hexosaminidasa A y B en leucocitos 15,30",,176700.0
19569,Quirur.,"Hexosaminidasa A y B en suero 5,72",,66100.0
19570,Quirur.,"Hidrocarburos 4,18",,48300.0
19571,Quirur.,"Hierro sérico, capacidad de fijación y combinación 5,33",,61600.0
19575,Quirur.,"Histocompatibilidad, estudio completo (HLA, A BC DR, etc) y prueba cruzada 305,70",,3531400.0
19576,Quirur.,"Histocompatibilidad, estudio parcial (HLA,AB) 83,29",,962200.0
19577,Quirur.,"Histocompatibilidad, estudio parcial (HLA, B27, B8, B5 etc ) cada uno 36,36",,420000.0
19578,Quirur.,"Histoplasma capsulatum, identificación serológica 4,94",,57100.0
19581,Quirur.,"Hongos, alucinógenos 10,53",,121600.0
19582,Quirur.,"Hongos, examen directo (KOH) 1,81",,20900.0
19583,Quirur.,"Hongos, identificación serológica 11,26",,130100.0
19584,Quirur.,"HPRT, en eritrocitos 9,54",,110200.0
19585,Quirur.,"HPRT, en raíces de cabello 36,96",,427000.0
19587,Quirur.,"HTLV I, anticuerpos presuntivos 10,83",,125100.0
19588,Quirur.,"HTLV I, prueba confirmatoria 14,01",,161800.0
19593,Quirur.,"Identificación de anticuerpos irregulares 4,99",,57600.0
19594,Quirur.,"Imipramina 6,02",,69500.0
19595,Quirur.,"Inhibidor de C 1 esterasa 6,57",,75900.0
19599,Quirur.,"Inmunoelectroforesis 12,42",,143500.0
19600,Quirur.,"Imunoglobulina IgA IgG IgM, (dosificación de alta precisión) c/u 6,36",,73500.0
19607,Quirur.,"Inmunoglobulina IgE total, dosificación 7,99",,92300.0
19611,Quirur.,"Insulina, cada muestra 11,26",,130100.0
19612,Quirur.,"Intradermorreacción para comprobar inmunidad contra bacterias, hongos, parásitos o virus 4,43",,51200.0
19613,Quirur.,"Iontoforesis 14,87",,171800.0
19614,Quirur.,"Isoaglutininas 3,17",,36600.0
19617,Quirur.,"Isocitrato deshidrogenasa ICDH 6,75",,78000.0
19618,Quirur.,"Isoleucoaglutininas 3,51",,40500.0
19621,Quirur.,"Kanamicina 5,42",,62600.0
19624,Quirur.,"Lactato 6,36",,73500.0
19625,Quirur.,"Lactoferrina 7,86",,90800.0
19626,Quirur.,"Lactógeno placentario 9,15",,105700.0
19629,Quirur.,"LCarnitinina 7,99",,92300.0
19630,Quirur.,"Lecitina esfingomielina, índice 11,51",,133000.0
19631,Quirur.,"Legionella, anticuerpo 14,78",,170700.0
19632,Quirur.,"Legionella, antígeno 14,78",,170700.0
19636,Quirur.,"Leishmaniasis, determinación Ac 2,11",,24400.0
19640,Quirur.,"Leptospira, identificación serológica 4,56",,52700.0
19641,Quirur.,"Leucina arilamidasa LAP 7,69",,88800.0
19642,Quirur.,"Leucocitos, recuento diferencial 0,904",,10400.0
19646,Quirur.,"Leucocitos, recuento total 0,721",,8300.0
19647,Quirur.,"Leucograma, recuento total y diferencial de leucocitos 3,01",,34800.0
19648,Quirur.,"Lesh Nyhan en leucocitos 21,28",,245800.0
19649,Quirur.,"Lesh Nyhan en raíz de cabello 42,46",,490500.0
19650,Quirur.,"Lidocaina 5,42",,62600.0
19652,Quirur.,"Linfocitos B, cuantificación 10,27",,118600.0
19653,Quirur.,"Linfocitos CD4 (ayudadores) 16,04",,185300.0
19654,Quirur.,"Linfocitos CD8 16,04",,185300.0
19658,Quirur.,"Linfocitos CD11 16,04",,185300.0
19659,Quirur.,"Linfocitos, cultivo mixto 19,17",,221500.0
19660,Quirur.,"Linfocitos, número absoluto 1,28",,14800.0
19664,Quirur.,"Linfocitos T, cuantificación 10,23",,118200.0
19665,Quirur.,"Lipasa 4,81",,55600.0
19666,Quirur.,"Lipoproteinas electroforesis 10,91",,126000.0
19670,Quirur.,"Líquido amniótico, citoquímico (celulas anaranjadas, test de Clemens y creatinina) 6,70",,77400.0
19671,Quirur.,"Líquido amniótico, curva espectral 3,84",,44400.0
19672,Quirur.,"Líquido ascítico, eáamen citoquímico 7,99",,92300.0
19676,Quirur.,"Líquido cefalorraquídeo, examen físico y citoquímico (incluye: glucosa, proteinas, cloruros) 8,25",,95300.0
19677,Quirur.,"Líquido pericárdico, examen físico y citoquímico (incluye: densidad y proteínas) 7,31",,84400.0
19678,Quirur.,"Líquido peritoneal, examen físico y citoquímico (incluye: proteínas y tinción Gram 7,31",,84400.0
19682,Quirur.,"Líquido pleural, examen físico y citoquímico (incluye: glucosa y LDH) 8,16",,94300.0
19683,Quirur.,"Líquido prostático, examen microscópico 4,43",,51200.0
19684,Quirur.,"Líquido sinovíal, examen físico y citoquímico incluye: glucosa y test de mucina) 7,99",,92300.0
19685,Quirur.,"Lisina, en plasma o en orina 21,28",,245800.0
19690,Quirur.,"Lorazepán 6,49",,75000.0
19694,Quirur.,"Luteinizante hormona LH 13,15",,151900.0
19698,Quirur.,"Magnesio colorimétrico 2,90",,33500.0
19699,Quirur.,"Maltasa ácida 12,98",,149900.0
19700,Quirur.,"Marcadores tumorales cada uno 17,88",,206500.0
19701,Quirur.,"Meperidina 6,02",,69500.0
19705,Quirur.,"Mercurio en cabello 10,83",,125100.0
19706,Quirur.,"Mercurio en orina 9,54",,110200.0
19707,Quirur.,"Mercurio en sangre 9,54",,110200.0
19712,Quirur.,"Mercurio en uñas 10,83",,125100.0
19713,Quirur.,"Metacualona 5,97",,69000.0
19714,Quirur.,"Metadona 4,03",,46600.0
19718,Quirur.,"Metaepinefrina 4,99",,57600.0
19719,Quirur.,"Metahemoglobina 1,89",,21800.0
19720,Quirur.,"Metales, por absorción atómica, cada uno 7,65",,88400.0
19721,Quirur.,"Metotrexate 5,42",,62600.0
19722,Quirur.,"Microalbuminuria 5,72",,66100.0
19723,Quirur.,"Mielocultivo, con toma de muestra 10,45",,120700.0
19725,Quirur.,"Mielocultivo, sin toma de muestra 6,36",,73500.0
19726,Quirur.,"Mioglobina 4,07",,47000.0
19727,Quirur.,"Moco cervical, análisis (Sims Huhner) 3,92",,45300.0
19728,Quirur.,"Mono y disacaridos, cromatografía 10,57",,122100.0
19729,Quirur.,"Mono test (prueba de látex para mononucleosis infecciosa 3,28",,37900.0
19731,Quirur.,"Morfología globular (serie roja) 1,13",,13100.0
19732,Quirur.,"Mucopolisacáridos, por cromatografía 9,67",,111700.0
19733,Quirur.,"Mucopolisacáridos, por electroforesis 10,36",,119700.0
19734,Quirur.,"Mycobacterium, identificación 12,72",,146900.0
19736,Quirur.,"Mycobacterium, pruebas de sensibilidad 24,97",,288500.0
19737,Quirur.,"Mycoplasma neumonie, determinación de Ac 4,34",,50100.0
19742,Quirur.,"N Acetil procainamida 3,92",,45300.0
19743,Quirur.,"Neisseria gonorrea, cultivo de Thayer Martin 7,65",,88400.0
19744,Quirur.,"Neisseria gonorrea, determinación de antígenos 6,36",,73500.0
19748,Quirur.,"Netilmicina 6,96",,80400.0
19749,Quirur.,"Nitrógeno uréico 1,51",,17400.0
19750,Quirur.,"Nitroprusiato 2,30",,26600.0
19751,Quirur.,"Nitrosonaftol 2,30",,26600.0
19752,Quirur.,"Nortriptilina 6,96",,80400.0
19753,Quirur.,"Oligosacáridos, en orina 10,32",,119200.0
19755,Quirur.,"Opiáceos 7,31",,84400.0
19756,Quirur.,"Organoclorados 5,84",,67500.0
19757,Quirur.,"Organofosforados 7,52",,86900.0
19761,Quirur.,"Osmolaridad 2,57",,29700.0
19762,Quirur.,"Oxiuros, frotis 1,51",,17400.0
19767,Quirur.,"Parainfluenza, determinación de Ac 4,86",,56100.0
19768,Quirur.,"Paranitrofenol 5,37",,62000.0
19769,Quirur.,"Paraquat 5,37",,62000.0
19773,Quirur.,"Parásitos en bilis, jugo duodenal, expectoraciones u otras secreciones 1,31",,15100.0
19774,Quirur.,"Paratohormona PTH 14,66",,169400.0
19775,Quirur.,"Parcial de orina, incluído sedimento 2,00",,23100.0
19777,Quirur.,"Pass, tinción y lectura 2,57",,29700.0
19778,Quirur.,"Piruvatocinasa 6,02",,69500.0
19781,Quirur.,"Plasminógeno 6,36",,73500.0
19785,Quirur.,"Plomo, en sangre o en orina, cada uno 7,65",,88400.0
19786,Quirur.,"Pneumococcus, identificación serológica 3,13",,36200.0
19787,Quirur.,"Porfirinas 3,17",,36600.0
19791,Quirur.,"Porfobilinogeno 3,84",,44400.0
19792,Quirur.,"Potasio 4,47",,51600.0
19793,Quirur.,"Primidona 11,99",,138500.0
19797,Quirur.,"Procainamida 7,78",,89900.0
19798,Quirur.,"Progesterona 10,57",,122100.0
19799,Quirur.,"Progesterona 17 hidroxi 11,51",,133000.0
19802,Quirur.,"Prolactina 10,23",,118200.0
19803,Quirur.,"Prolactina, prueba de estimulación 8,25",,95300.0
19804,Quirur.,"Propoxifeno 6,96",,80400.0
19805,Quirur.,"Protamina 7,91",,91400.0
19806,Quirur.,"Proteína C reactiva PCR, prueba cuantitativa de alta precisión 6,36",,73500.0
19809,Quirur.,"Proteína C reactiva PCR, prueba semicuantitativa 1,89",,21800.0
19810,Quirur.,"Proteína de Bence Jones 1,62",,18700.0
19811,Quirur.,"Proteínas fraccionadas albúmina/globulina 7,99",,92300.0
19815,Quirur.,"Proteínas por electroforesis 6,10",,70500.0
19816,Quirur.,"Proteínas totales, en suero y otros fluídos 1,28",,14800.0
19817,Quirur.,"Proteínas transportadora de testosterona PTHS 14,01",,161800.0
19821,Quirur.,"Proteinuria en 24 horas 1,43",,16500.0
19822,Quirur.,"Protoporfirina zinc eritrocitica Z PP 5,37",,62000.0
19823,Quirur.,"Protrombina, consumo 1,84",,21300.0
19827,Quirur.,"Protrombina, tiempo PT 4,56",,52700.0
19828,Quirur.,"Prueba de compatibilidad, cruzada mayor incluye: hemoclasificación de donante receptor 5,37",,62000.0
19829,Quirur.,"Prueba de compatibilidad, cruzada menor; incluye: hemoclasificación de donante y receptor 5,07",,58600.0
19830,Quirur.,"Prueba rápida para streptococcus beta hemolítico 6,36",,73500.0
19833,Quirur.,"Pseudocolinesterasa 4,77",,55100.0
19835,Quirur.,"Pterinas, determinación 106,20",,1226800.0
19838,Quirur.,"Quinidina 4,77",,55100.0
19839,Quirur.,"Rabia, examen para antígenos (AF), inoculación en ratón o serología 29,06",,335700.0
19842,Quirur.,"Rastreo de anticuerpos irregulares 5,07",,58600.0
19843,Quirur.,"Reacción de Montenegro 4,86",,56100.0
19844,Quirur.,"Reclacificación del plasma 1,28",,14800.0
19845,Quirur.,"Receptores estrogénicos, dosificación en tejidos 12,42",,143500.0
19849,Quirur.,"Receptores estrogénicos, inmunocitoquímicos 10,57",,122100.0
19850,Quirur.,"Recuento de colonias, cualquier muestra 3,47",,40100.0
19851,Quirur.,"Recuento de Hamburger 3,17",,36600.0
19852,Quirur.,"Renina 11,51",,133000.0
19855,Quirur.,"Reticulocitos, recuento 2,00",,23100.0
19856,Quirur.,"Rotavirus, determinación de antígeno (látex) 11,26",,130100.0
19857,Quirur.,"Rubeóla, anticuerpo G 10,40",,120100.0
19861,Quirur.,"Rubeóla, anticuerpo M 10,91",,126000.0
19866,Quirur.,"Salicilatos 4,43",,51200.0
19867,Quirur.,"Salmonella, identificación serológica 5,07",,58600.0
19868,Quirur.,"Sangre oculta en MF 0,941",,10900.0
19872,Quirur.,"Sangría, tiempo de 0,794",,9200.0
19873,Quirur.,"Sarampión, determinación de Ac 5,20",,60100.0
19876,Quirur.,"Shiguella, identificación serológica 4,18",,48300.0
19878,Quirur.,"Sida, anticuerpos VIH 1. 10,83",,125100.0
19879,Quirur.,"Sida, anticuerpos VIH 2. 10,83",,125100.0
19882,Quirur.,"Sida, antígeno P24 14,27",,164800.0
19884,Quirur.,"Sida, prueba confirmatoria (Western Blot, otros) 52,61",,607800.0
19885,Quirur.,"Sifilis, serología confirmatoria (FTA ABS) 12,46",,143900.0
19886,Quirur.,"Sifilis, serología presuntiva (cardiolipina o VDRL) 2,00",,23100.0
19889,Quirur.,"Sincityal, determinación de antígeno 7,56",,87300.0
19890,Quirur.,"Sistina, en orina 8,94",,103300.0
19891,Quirur.,"Sodio 3,70",,42700.0
19892,Quirur.,"Somatomedina C 18,82",,217400.0
19896,Quirur.,"Staphilococcus aureus, identificación serológica 4,15",,47900.0
19897,Quirur.,"Streptococcus beta hemolítico, identificación serológica 3,13",,36200.0
19898,Quirur.,"Sudan, tinción y lectura 2,68",,31000.0
19899,Quirur.,"Sulfitos, medición en orina y sangre 10,57",,122100.0
19902,Quirur.,"Talio 6,62",,76500.0
19903,Quirur.,"Tejidos corporales, medición enzimática 127,43",,1472100.0
19904,Quirur.,"Teofilina 11,05",,127600.0
19905,Quirur.,"Testosterona libre 10,83",,125100.0
19907,Quirur.,"Testosterona total 9,93",,114700.0
19908,Quirur.,"Thorn, prueba 2,68",,31000.0
19910,Quirur.,"Tiroidea estimulante (en neonato) 9,32",,107700.0
19911,Quirur.,"Tiroidea estimulante TSH 9,93",,114700.0
19912,Quirur.,"Tirosina, cuantificación 21,28",,245800.0
19913,Quirur.,"Tirosina, test con raíz de cabello 31,85",,367900.0
19915,Quirur.,"Tiroxina, en sangre 9,93",,114700.0
19916,Quirur.,"Tiroxina T4 7,43",,85800.0
19917,Quirur.,"Tiroxina T4 libre 7,52",,86900.0
19921,Quirur.,"Título anti A 3,58",,41400.0
19922,Quirur.,"Título anti B 3,58",,41400.0
19923,Quirur.,"Título anti D 4,86",,56100.0
19926,Quirur.,"Tobramicina 5,42",,62600.0
19927,Quirur.,"Toxocara canis, anticuerpos 15,30",,176700.0
19928,Quirur.,"Toxoplasma, anticuerpo G 11,51",,133000.0
19929,Quirur.,"Toxoplasma, anticuerpo M 11,51",,133000.0
19933,Quirur.,"Transaminasa oxalacetica / ASA 3,28",,37900.0
19934,Quirur.,"Transaminasa pirúvica / ALAT 3,28",,37900.0
19935,Quirur.,"Transferrina 11,26",,130100.0
19939,Quirur.,"Tricíclicos 5,97",,69000.0
19940,Quirur.,"Triglicéridos 2,11",,24400.0
19941,Quirur.,"Tripanosoma Cruzi, prueba de Machado Guerreiro 4,77",,55100.0
19945,Quirur.,"Tripanosomiasis, determinación de Ac 8,72",,100700.0
19946,Quirur.,"Tripsina 3,36",,38800.0
19947,Quirur.,"Triptofano 9,54",,110200.0
19948,Quirur.,"Triyodotironina T3 7,40",,85500.0
19951,Quirur.,"Triyodotironina T3 Up Take 7,40",,85500.0
19952,Quirur.,"Trombina, tiempo de 1,40",,16200.0
19953,Quirur.,"Tromboplastina, tiempo activado 3,84",,44400.0
19957,Quirur.,"Tromboplastina, tiempo de generación 2,57",,29700.0
19958,Quirur.,"Tromboplastina, tiempo parcial (PTT) 4,43",,51200.0
19964,Quirur.,"Urea 1,66",,19200.0
19965,Quirur.,"Urobilinógeno 2,00",,23100.0
19966,Quirur.,"Urocultivo con recuento de colonias 8,25",,95300.0
19970,Quirur.,"Uroporfirinas 3,92",,45300.0
19975,Quirur.,"Vancomicina 7,83",,90500.0
19976,Quirur.,"Varicela zoster, determinación de Ac 5,97",,69000.0
19977,Quirur.,"Velocidad de sedimentación globular VSG 0,721",,8300.0
19981,Quirur.,"Vitaminas, cada una 16,59",,191600.0
19986,Quirur.,"Warfarina 6,75",,78000.0
19991,Quirur.,"Zinc 7,99",,92300.0
20101,Quirur.,"Estudio con tinciones de rutina 13,37",,154500.0
20102,Quirur.,"Estudio con tinciones especiales 17,75",,205000.0
20103,Quirur.,"Estudio con tinciones especiales e inmunofluorescencia 26,65",,307900.0
20104,Quirur.,"Estudio con tinciones especiales, inmunofluorescencia microscopía electrónica 37,30",,430900.0
20105,Quirur.,"Estudio de cada marcador con inmunoperoxidasa 11,26",,130100.0
20106,Quirur.,"Estudio por congelación y/o en parafina 27,42",,316800.0
20110,Quirur.,"Estudio con tinciones de rutina 17,28",,199600.0
20111,Quirur.,"Estudio con tinciones especiales 22,31",,257700.0
20112,Quirur.,"Estudio con tinciones especiales e inmunofluorescencia 29,18",,337100.0
20113,Quirur.,"Estudio con tinciones especiales, fluorescencia microscopía 56,09",,648000.0
20114,Quirur.,"Estudio por congelación y/o en parafina 37,13",,428900.0
20201,Quirur.,"Estudio con tinciones de rutina 15,43",,178200.0
20202,Quirur.,"Estudio con tinciones especiales 20,45",,236200.0
20203,Quirur.,"Estudio con inmunofluorescencia 27,17",,313900.0
20204,Quirur.,"Estudio con microscopía electrónica 34,25",,395700.0
20205,Quirur.,"Estudio con tinciones de rutina 24,33",,281100.0
20206,Quirur.,"Estudio con tinciones especiales 41,00",,473600.0
20207,Quirur.,"Estudio con inmunofluorescencia 54,24",,626600.0
20208,Quirur.,"Estudio con microscopía electrónica 68,51",,791400.0
20209,Quirur.,"Estudio con marcador tumoral, al procedimiento realizado, agregar 19,30",,223000.0
20301,Quirur.,"Vaginal tumoral 3,62",,41800.0
20302,Quirur.,"Vaginal funcional (cada muestra) 3,62",,41800.0
20303,Quirur.,"Líquidos (pleural, gástrico, ascítico, LCR, lavado bronquial, esputo, orina, etc) 4,34",,50100.0
20304,Quirur.,"Líquidos (pleural, gástrico, ascítico, LCR, lavado bronquial, esputo, orina, etc) en bloque de parafina 5,80",,67000.0
20305,Quirur.,"Por aspiración 7,91",,91400.0
20306,Quirur.,"Médula ósea, mielograma 8,72",,100700.0
20307,Quirur.,"Médula ósea, estudio patológico 27,17",,313900.0
20401,Quirur.,"Completa con estudio macro y microscópico 53,12",,613600.0
20402,Quirur.,"Completa con estudio macro, microscópico y embalsamamiento 81,05",,936300.0
20403,Quirur.,"Embalsamamiento 36,10",,417000.0
20404,Quirur.,"Formolización 18,05",,208500.0
20405,Quirur.,"Feto y placenta 20,88",,241200.0
21101,Quirur.,"Mano, dedos, puño (muñeca), codo, pie, clavícula, antebrazo, cuello de pie (tobillo), edad ósea (carpograma), calcáneo 6,36",,73500.0
21102,Quirur.,"Brazo, pierna, rodilla, fémur, hombro, omoplato 8,25",,95300.0
21103,Quirur.,"Test de Farill (osteometría o medición de miembros inferiores), estudio de pie plano (pies con apoyo) 8,21",,94800.0
21104,Quirur.,"Test de anteversión femoral 10,10",,116700.0
21107,Quirur.,"Tomografía osteoarticular; al valor de la región agregar: 11,86",,137000.0
21108,Quirur.,"Proyección adicional (Stress, túnel, tangenciales, oblicuas), cada una; al valor de la región agregar: 3,36",,38800.0
21109,Quirur.,"Tangencial rótula 9,54",,110200.0
21110,Quirur.,"Panoramica en miembros inferiores (goniometría u ortograma) 13,32",,153900.0
21111,Quirur.,"Estudio de huesos largos AP 28,71",,331700.0
21112,Quirur.,"Fotopodografía 19,60",,226400.0
21113,Quirur.,"Osteodensitometría por absorción dual de RX 32,66",,377300.0
21120,Quirur.,"Cara, malar, arco cigomático, huesos nasales, maxilar superior, silla turca, base del cráneo 8,25",,95300.0
21121,Quirur.,"Senos paranasales, maxilar inferior, órbitas, articulaciones temporomandibulares, agujeros ópticos 8,25",,95300.0
21122,Quirur.,"Cráneo simple 9,32",,107700.0
21123,Quirur.,"Cráneo simple más base de cráneo (Panorámica de mandíbula) Perfilograma 13,02",,150400.0
21124,Quirur.,"Mastoides comparativas, penascos, conductos auditivos internos 10,66",,123100.0
21125,Quirur.,"Tomografía lineal de las regiones anteriores; agregar: 11,86",,137000.0
21126,Quirur.,"Proyecciones adicionales 3,36",,38800.0
21127,Quirur.,"Politomografía de conductos auditivos internos 35,89",,414600.0
21128,Quirur.,"Politomografía unilateral de mastoides (oído medio) 34,73",,401200.0
21129,Quirur.,"Politomografía bilateral de mastoides 45,30",,523300.0
21130,Quirur.,"Politomografía de silla turca 36,96",,427000.0
21131,Quirur.,"Politomografía de senos paranasales articulaciones temporomandibulares 30,82",,356000.0
21132,Quirur.,"Politomografía de rinofaringe 26,65",,307900.0
21133,Quirur.,"Politomografía semi axial de nariz 26,65",,307900.0
21134,Quirur.,"Tomografía funcional de laringe 23,68",,273600.0
21135,Quirur.,"Xero radiografía de cuello 11,26",,130100.0
21136,Quirur.,"Cavum faríngeo, cuello y tejidos blandos 9,54",,110200.0
21140,Quirur.,"Columna cervical 10,45",,120700.0
21141,Quirur.,"Columna dorsal o toráxica 10,23",,118200.0
21142,Quirur.,"Columna lumbosacra 12,72",,146900.0
21143,Quirur.,"Sacrococcix 9,93",,114700.0
21144,Quirur.,"Test de escoliosis 17,19",,198600.0
21145,Quirur.,"Proyecciones dinámicas o adicionales, al valor del examen agregar: 4,68",,54100.0
21201,Quirur.,"Tórax (PA o P A y lateral), reja costal 9,07",,104800.0
21202,Quirur.,"Fluoroscopia pulmonar, movilidad diafragmática 6,02",,69500.0
21203,Quirur.,"Esternón, articulaciones esterno claviculares 8,16",,94300.0
21204,Quirur.,"Serie cardiovascular (corazón y grandes vasos, silueta cardíaca) 12,98",,149900.0
21205,Quirur.,"Proyecciones adicionales de tórax: apicograma, de cúbito lateral, oblicuas, lateral con bario, etc, cada una; agregar: 9,54",,110200.0
21206,Quirur.,"Tomografía de tórax AP 30,34",,350500.0
21207,Quirur.,"Tomografía de tórax en dos proyecciones 36,70",,424000.0
21208,Quirur.,"Tomografía de mediastino, tráquea 32,14",,371300.0
21210,Quirur.,"Xeromamografía o mamografia, (bilateral) 26,52",,306400.0
21211,Quirur.,"Galactografia 31,46",,363400.0
21212,Quirur.,"Mamografía unilateral o de pieza quirúrgica 21,74",,251100.0
21213,Quirur.,"Fluoroscopia para implantación de marcapaso al valor del tórax: agregar, 28,71",,331700.0
21301,Quirur.,"Abdomen simple 10,57",,122100.0
21302,Quirur.,"Abdomen simple con proyecciones adicionales, serie de abdomen agudo 14,01",,161800.0
21303,Quirur.,"Pielografía retrógrada o anterógrada 14,57",,168300.0
21304,Quirur.,"Urografía intravenosa 22,74",,262700.0
21306,Quirur.,"Urografía con nefrotomografía (estudio de hipertensión) 26,52",,306400.0
21320,Quirur.,"Colecistografía 15,90",,183700.0
21322,Quirur.,"Colangiografía operatoria 15,90",,183700.0
21323,Quirur.,"Colangiografía post operatoria 11,26",,130100.0
21324,Quirur.,"Colangiografía endoscopica retrógrada (transduodenal) 20,42",,235900.0
21325,Quirur.,"Colangiografía Tomografía 22,22",,256700.0
21326,Quirur.,"Colecisto Tomografía 19,60",,226400.0
21327,Quirur.,"Procedimiento especial con fluoroscopia (TV); al valor de la región: agregar 19,60",,226400.0
21330,Quirur.,"Esófago 11,69",,135000.0
21331,Quirur.,"Estómago, duodeno y tránsito intestinal 39,76",,459300.0
21332,Quirur.,"Esófago, estómago y duodeno (vías digestivas altas) 24,71",,285400.0
21333,Quirur.,"Tránsito intestinal convencional 19,17",,221500.0
21334,Quirur.,"Tránsito intestinal doble contraste 23,55",,272000.0
21335,Quirur.,"Colon por enema convencional o colon por ingesta 21,15",,244300.0
21337,Quirur.,"Colon por enema con doble contraste 23,81",,275100.0
21338,Quirur.,"Esófago, estómago y duodeno con doble contraste 23,81",,275100.0
21400,Quirur.,"Cistografía o cistouretrografía 15,90",,183700.0
21401,Quirur.,"Histerosalpingografía 15,90",,183700.0
21403,Quirur.,"Uretrografía retrógrada 15,90",,183700.0
21404,Quirur.,"Genitografía o vaginografía 15,90",,183700.0
21410,Quirur.,"Artrografía o neumoartrografía 18,05",,208500.0
21420,Quirur.,"Mielografía (cada segmento) 19,77",,228400.0
21421,Quirur.,"Arteriografía carotidea o vertebral (cada vaso) 62,10",,717400.0
21422,Quirur.,"Arteriografía selectiva de ambas carótidas y vertebral (Panangiografía) 124,29",,1435800.0
21430,Quirur.,"Linfangiografía 33,27",,384300.0
21431,Quirur.,"Cavografía 21,88",,252800.0
21432,Quirur.,"Flebografia de miembro superior o inferior (por extremidad) 21,92",,253200.0
21433,Quirur.,"Arteriografía periférica por punción 23,55",,272000.0
21434,Quirur.,"Aortograma torácico o abdominal 48,48",,560000.0
21435,Quirur.,"Aortograma y estudio de miembros inferiores 82,81",,956600.0
21436,Quirur.,"Portografía arterial 50,97",,588800.0
21437,Quirur.,"Esplenoportografía 42,46",,490500.0
21438,Quirur.,"Estudio de hipertensión portal con hemodinamia 81,44",,940800.0
21439,Quirur.,"Portografía transhepática 58,36",,674200.0
21440,Quirur.,"Venografía selectiva (toma de muestras para química sanguínea) 26,00",,300400.0
21441,Quirur.,"Estudio de un vaso 58,36",,674200.0
21442,Quirur.,"Cada vaso adicional 21,15",,244300.0
21443,Quirur.,"Estudio de un vaso 58,36",,674200.0
21444,Quirur.,"Cada vaso adicional 21,15",,244300.0
21445,Quirur.,"Angioplastia 74,35",,858900.0
21450,Quirur.,"Faringolaringografía 11,26",,130100.0
21451,Quirur.,"Broncografía unilateral 14,87",,171800.0
21452,Quirur.,"Cuerpo extraño endo ocular (Sweet) 11,26",,130100.0
21453,Quirur.,"Sialografía (por glándula) 13,37",,154500.0
21454,Quirur.,"Dacriocistografía unilateral 14,01",,161800.0
21501,Quirur.,"Embolización; excluye cabeza y cuello 76,46",,883300.0
21502,Quirur.,"Farmacoangiografía 62,10",,717400.0
21503,Quirur.,"Pielografía o colangiografía percutánea 31,85",,367900.0
21504,Quirur.,"Nefrostomía percutánea 38,21",,441400.0
21505,Quirur.,"Instrumentación percutánea, colecistostomía percutánea (drenaje, dilatación y derivación) 56,60",,653800.0
21507,Quirur.,"Extracción percutánea de cuerpo extraño intra vascular, arterial o venoso 62,28",,719500.0
21508,Quirur.,"Tratamiento percutáneo de tromboembolismo venoso 53,51",,618100.0
21509,Quirur.,"Gastrostomía percutánea 53,51",,618100.0
21510,Quirur.,"Drenaje percutáneo de abscesos o colecciones 38,21",,441400.0
21511,Quirur.,"Revisión de procedimientos anteriores (cambio de tubo, limpieza del mismo o reubicación) 19,17",,221500.0
21512,Quirur.,"Extracción cálculos renales por vía percutánea 65,50",,756700.0
21513,Quirur.,"Trombólisis arterial selectiva 69,58",,803800.0
21514,Quirur.,"Extracción percutánea de cálculos biliares, litotripcia disolución de cálculos biliares 62,10",,717400.0
21515,Quirur.,"Dilatación transuretral de la próstata 16,59",,191600.0
21516,Quirur.,"Fistulografía; al valor de la región, agregar: 14,14",,163300.0
21517,Quirur.,"Localización de lesión no palpable en seno 14,01",,161800.0
21518,Quirur.,"Biopsia por estereotaxia 39,49",,456200.0
21520,Quirur.,"Cavernografía y cavernometría 56,09",,648000.0
21601,Quirur.,"Portátiles sin fluoroscopia e intensificador de imágenes (practicado en habitación, UCI, RN o quirófanos); al valor del estudio, agregar: 6,62",,76500.0
21602,Quirur.,"Portátiles con fluoroscopia y/o intensificador de imagen (practicado en quirófanos); al valor del estudio, agregar: 19,17",,221500.0
21701,Quirur.,"Cráneo simple 63,09",,728800.0
21702,Quirur.,"Cráneo con contraste 69,24",,799900.0
21703,Quirur.,"Cráneo simple y con contraste 79,29",,916000.0
21704,Quirur.,"Cisternografía 79,29",,916000.0
21705,Quirur.,"Silla turca u oído (incluye cortes axiales y coronales) 69,24",,799900.0
21706,Quirur.,"Senos paranasales o rinofaringe (incluye cortes axiales y coronales) 69,24",,799900.0
21707,Quirur.,"Órbitas (incluye cortes axiales y coronales) 53,81",,621600.0
21708,Quirur.,"Columna cervical, dorsal o lumbar (hasta tres espacios) 58,75",,678700.0
21709,Quirur.,"Columna cervical, dorsal o lumbar (espacio adicional) 14,05",,162300.0
21710,Quirur.,"Laringe o cuello 58,75",,678700.0
21711,Quirur.,"Laringe y cuello 69,24",,799900.0
21712,Quirur.,"Tórax 65,67",,758600.0
21713,Quirur.,"Abdomen superior 74,40",,859500.0
21714,Quirur.,"Pelvis 58,75",,678700.0
21715,Quirur.,"Abdomen total 86,43",,998400.0
21716,Quirur.,"Extremidades y articulaciones 53,81",,621600.0
21717,Quirur.,"Articulación temporo mandibular (bilateral) 69,24",,799900.0
21718,Quirur.,"Osteodensitometría 69,24",,799900.0
21719,Quirur.,"Complemento a mielografía (cada segmento) 34,55",,399100.0
21720,Quirur.,"Anteversión femoral o tibial, axiales de rótula, medida de longitud de miembros inferiores 20,76",,239800.0
21721,Quirur.,"Guía escanográfica para procedimientos intervencionistas; a la zona agregar: 57,04",,658900.0
21722,Quirur.,"Reconstrucción tridimensional, agregar al costo del examen: 91,54",,1057500.0
21723,Quirur.,"Peñasco, conductos auditivos internos 69,24",,799900.0
22101,Quirur.,"Captación de Iodo 131 por tiroides a 4. y/o 24 horas 17,32",,200100.0
22102,Quirur.,"Gamagrafía de tiroides 22,47",,259600.0
22103,Quirur.,"Rastreo de metástasis 57,42",,663300.0
22104,Quirur.,"Estudio de feocromocitoma 134,31",,1551500.0
22105,Quirur.,"Terapia de CA de tiroides 227,44",,2627400.0
22106,Quirur.,"Terapia de hipertiroidismo 63,39",,732300.0
22107,Quirur.,"Gamagrafía de glándulas paratiroides con Tl y Tc 145,31",,1678600.0
22108,Quirur.,"Prueba de supresión (retenciones) 14,40",,166300.0
22109,Quirur.,"Test de perclorato 19,42",,224300.0
22110,Quirur.,"Gamagrafía de suprarrenales con Iodo colesterol 28,19",,325700.0
22203,Quirur.,"Volúmen plasmático 21,36",,246800.0
22204,Quirur.,"Volúmen de glóbulos rojos 21,36",,246800.0
22205,Quirur.,"Vida media de glóbulos rojos 39,16",,452400.0
22206,Quirur.,"Estudio de ferrocinética 36,36",,420000.0
22207,Quirur.,"Gamagrafía esplénica 26,00",,300400.0
22209,Quirur.,"Gamagrafía ganglios linfáticos 43,71",,504900.0
22210,Quirur.,"Gamagrafía de médula ósea 33,57",,387800.0
22211,Quirur.,"Vida media del hierro 6,10",,70500.0
22301,Quirur.,"Gamagrafía hepatoesplénica 31,25",,361000.0
22302,Quirur.,"Pool sanguíneo hepático 50,80",,586800.0
22303,Quirur.,"Gamagrafía hepatobiliar (IDA) 84,80",,979600.0
22304,Quirur.,"Investigación de hemorragia digestiva 84,80",,979600.0
22305,Quirur.,"Estudio de glándulas salivares 27,98",,323200.0
22306,Quirur.,"Investigación de divertículo de Meckel 54,97",,635000.0
22307,Quirur.,"Investigación de reflujo gastroesofágico 41,51",,479500.0
22308,Quirur.,"Investigación de vaciamiento gástrico 73,75",,852000.0
22309,Quirur.,"Tránsito esofágico 29,70",,343100.0
22310,Quirur.,"Investigación de reflujo biliar 84,80",,979600.0
22311,Quirur.,"Gamagrafía combinada de hígado y pulmón 53,47",,617700.0
22401,Quirur.,"Gamagrafía cerebral estática 32,71",,377900.0
22402,Quirur.,"Gamagrafía cerebral perfusoria 36,54",,422100.0
22403,Quirur.,"Cisternografía 45,99",,531300.0
22404,Quirur.,"Evaluación de derivaciones 36,66",,423500.0
22405,Quirur.,"Gamagrafía y perfusión cerebral 27,85",,321700.0
22501,Quirur.,"Gamagrafía de pool sanguíneo 34,08",,393700.0
22502,Quirur.,"Análisis de primer paso (detección de Shunts) 39,06",,451200.0
22503,Quirur.,"Fracción de eyección VI 51,32",,592800.0
22504,Quirur.,"Fracción de eyección VD 51,32",,592800.0
22505,Quirur.,"Fracción de eyección con motilidad del miocardio en reposo 70,31",,812200.0
22506,Quirur.,"Fracción de eyección con motilidad del miocardio en reposo y post ejercicio 100,87",,1165300.0
22507,Quirur.,"Perfusión miocárdica con isonitrilos en reposo 189,32",,2187000.0
22508,Quirur.,"Perfusión miocárdica con isonitrilos en reposo y post ejercicio 260,53",,3009600.0
22509,Quirur.,"Gamagrafía de miocardio con pirofosfatos 42,16",,487000.0
22510,Quirur.,"Estudios vasculares arteriales (Perfusión) 24,88",,287400.0
22511,Quirur.,"Venografía 40,32",,465800.0
22601,Quirur.,"Gamagrafía Pulmonar, Perfusión 46,33",,535200.0
22602,Quirur.,"Gamagrafía Pulmonar, ventilación 43,71",,504900.0
22603,Quirur.,"Búsqueda de hemorragia Pulmonar 38,33",,442800.0
22604,Quirur.,"Gamagrafía Pulmonar, Perfusión y ventilación 72,41",,836500.0
22701,Quirur.,"Renograma secuencial 42,03",,485500.0
22702,Quirur.,"Renograma secuencial con filtración glomerular 50,45",,582800.0
22703,Quirur.,"Flujo plasmático renal efectivo 29,06",,335700.0
22704,Quirur.,"Residuo vesical (sondas) 30,82",,356000.0
22705,Quirur.,"Filtración glomerular 26,47",,305800.0
22706,Quirur.,"Gamagrafía de perfusión testicular 34,21",,395200.0
22707,Quirur.,"Cistografía 32,06",,370400.0
22708,Quirur.,"Renograma basal y post captopril 89,10",,1029300.0
22709,Quirur.,"Gamagrafía renal estática DMSA 33,91",,391700.0
22710,Quirur.,"Perfusión renal 22,34",,258100.0
22801,Quirur.,"Gamagrafía ósea segmentaria 38,98",,450300.0
22802,Quirur.,"Gamagrafía ósea corporal total 48,48",,560000.0
22901,Quirur.,"Dacriocistografia o Gamagrafía vías lagrimales 38,33",,442800.0
23103,Quirur.,"Cistometría 13,37",,154500.0
23104,Quirur.,"Uroflujometría 4,03",,46600.0
23105,Quirur.,"Cambio de cateter urinario 3,92",,45300.0
23107,Quirur.,"Esfinteromanometría 6,92",,79900.0
23108,Quirur.,"Perfíl de presión uretral 6,49",,75000.0
23109,Quirur.,"Estudio de urodinamia standard (uroflujometría, electromiografia esfinteriana y cistometría) 6,62",,76500.0
23110,Quirur.,"Estudio de urodinamia con test de fentolamina 36,66",,423500.0
23111,Quirur.,"Estudio de urodinamia con test de betanecol 33,65",,388700.0
23112,Quirur.,"Estudio de urodinamia con test de diazepán 33,65",,388700.0
23114,Quirur.,"Perfíl de presión uretral con test de denervación uretral 6,70",,77400.0
23115,Quirur.,"Aspiración vesical suprapúbica 8,99",,103900.0
23116,Quirur.,"Cateterismo vesical 3,92",,45300.0
23117,Quirur.,"Instilación vesical 7,52",,86900.0
23118,Quirur.,"Litotricia extracorpórea para cálculos complejos (coraliformes) Costo atención integral 1297,32",,14986600.0
23119,Quirur.,"Litotricia extracorpórea para cálculos simples (piélico, calicial y ureteral único) Costo atención integral 1081,33",,12491500.0
23120,Quirur.,"Manometría piélica 8,21",,94800.0
23121,Quirur.,"Dilatación uretral (sesión) 6,92",,79900.0
24101,Quirur.,"Espirometría simple 7,26",,83900.0
24102,Quirur.,"Espirometría simple y con broncodilatadores 14,66",,169400.0
24103,Quirur.,"Espirometría simple mas capacidad residual funcional 24,54",,283500.0
24104,Quirur.,"Espirometría simple mas volúmen respiratorio y capacidad pulmonar total (incluye: radiografía de tórax AP y LAT) 22,87",,264200.0
24105,Quirur.,"Espirometría simple mas difusión de monóxido de carbono 24,54",,283500.0
24106,Quirur.,"Gasimetría arterial (cada muestra) 5,33",,61600.0
24107,Quirur.,"Espirometría simple mas difusión de monóxido de carbono y gasimetría arterial 28,33",,327300.0
24110,Quirur.,"Curva de flujo de volúmen pre y post-broncodilatadores 17,75",,205000.0
24111,Quirur.,"Estudio fisiológico del sueño 19,99",,230900.0
24112,Quirur.,"Test de broncomotricidad 24,50",,283000.0
24113,Quirur.,"Respuesta ventilatoria a la hipoxia, hiperoxia e hipercapnia 14,40",,166300.0
24114,Quirur.,"Medición presión inspiratoria y respiratoria máxima 1,51",,17400.0
24115,Quirur.,"Gases arteriales y venosos mixtos, determinación de contenidos, D (a v) 02, extracción periférica y aporte de O2 19,17",,221500.0
24116,Quirur.,"Mecánica respiratoria, pletismografía inductiva tórax y abdomen, fuerza y resistencia de músculo respiratorio 19,17",,221500.0
24117,Quirur.,"Resistencia total de vías aéreas 7,86",,90800.0
24118,Quirur.,"Distensibilidad pulmonar 18,56",,214400.0
24119,Quirur.,"ErgoEspirometría completa, (MV,BF,FCO2, RQ, HR, VO2, VCO2, FO2, VO2/HR, VO2/KG, MET, EQO2) 35,16",,406200.0
24120,Quirur.,"Cálculo de consumo de oxígeno 11,56",,133500.0
24121,Quirur.,"Gases alveolares (gases arteriales, cocientes respiratorios, cálculo espacios muertos en reposo y en esfuerzo y cálculo consumo de oxígeno) 59,26",,684600.0
24122,Quirur.,"Punción pleural 11,51",,133000.0
24123,Quirur.,"Curva de hiperoxia (5 muestras de arteriales con oxígeno al 100%) 34,08",,393700.0
24124,Quirur.,"Test de ejercicio pulmonar 56,82",,656400.0
24125,Quirur.,"Saturación percutánea de CO2 40,92",,472700.0
24126,Quirur.,"Oximetría de pulso 4,51",,52100.0
25100,Quirur.,"Estudio electrofisiológico transesofagico 72,89",,842000.0
25101,Quirur.,"Estudio electrofisiológico convencional (no incluye cateterismo) 210,55",,2432300.0
25102,Quirur.,"Electrocardiograma 6,19",,71500.0
25103,Quirur.,"Pericardiocentesis 48,69",,562500.0
25104,Quirur.,"Prueba ergométrica o test de ejercicio 36,44",,421000.0
25105,Quirur.,"Fonocardiograma y pulsos 18,48",,213500.0
25106,Quirur.,"Ecocardiograma modo M 27,76",,320700.0
25107,Quirur.,"Ecocardiograma modo M y bidimensional 54,45",,629000.0
25108,Quirur.,"Ecocardiograma modo M, bidimensional y doppler 60,26",,696100.0
25109,Quirur.,"Ecocardiograma modo M, bidimensional y doppler color 77,75",,898200.0
25110,Quirur.,"Ecocardiograma modo M, bidimensional y doppler color intraoperatorio 80,19",,926400.0
25111,Quirur.,"Ecocardiograma transesofágico 101,39",,1171300.0
25114,Quirur.,"Cateterismo izquierdo, con o sin angiografía 90,69",,1047700.0
25115,Quirur.,"Cateterismo izquierdo y derecho, con o sin angiografía 108,43",,1252600.0
25116,Quirur.,"Cateterismo transeptal + cateterismo izquierdo y derecho 167,61",,1936200.0
25117,Quirur.,"Coronariografía (incluye: cateterismo izquierdo, ventriculografía) 129,75",,1498900.0
25118,Quirur.,"Coronariografía + cateterismo derecho 190,00",,2194900.0
25119,Quirur.,"Auriculograma izquierdo y/o Arteriografía pulmonar (incluye cateterismo derecho) 82,35",,951300.0
25120,Quirur.,"Arteriografía selectiva no coronaria 75,30",,869900.0
25121,Quirur.,"Arteriografía renal 76,67",,885700.0
25122,Quirur.,"Arteriografía abdominal 20,34 76,67",,885700.0
25123,Quirur.,"Arteriografía periférica 20,34 76,67",,885700.0
25124,Quirur.,"Implantación de marcapaso Tránsitorio 60,94",,704000.0
25125,Quirur.,"Implantacion de marcapaso definitivo con electrodo venoso 208,40",,2407400.0
25126,Quirur.,"Electrocardiografía dinámica de 24 horas (Holter) 59,78",,690600.0
25127,Quirur.,"Angioplastia coronaria (Incluye: colocación marcapaso y coronariografía post angioplastia inmediata) 192,97",,2229200.0
25128,Quirur.,"Angioplastia periférica (Incluye: arteriografía post angioplastia) 140,33",,1621100.0
25129,Quirur.,"Valvuloplastia con balón 351,99",,4066200.0
25130,Quirur.,"Trombólisis intracoronaria 218,24",,2521100.0
25132,Quirur.,"Implantación de dispositivo en vena cava inferior 173,67",,2006200.0
25133,Quirur.,"Aterectomía con cateter 192,97",,2229200.0
25134,Quirur.,"Implantación de Stent en arteria periférica 140,33",,1621100.0
25135,Quirur.,"Implantación de Stent intracoronario 192,97",,2229200.0
25136,Quirur.,"Ablacion por cateter de focos arritmogénicos (sin cateterismo) 210,55",,2432300.0
25137,Quirur.,"Cardioversión eléctrica de paciente en tratamiento no quirúrgico 45,86",,529800.0
25138,Quirur.,"Colocación cateter de Swan Ganz 60,26",,696100.0
25139,Quirur.,"Extracción cuerpo extraño intravascular 208,40",,2407400.0
25140,Quirur.,"Reprogramación de marcapaso 19,17",,221500.0
25141,Quirur.,"Ecocardiograma de ejercicio (2 modo M, bidimensional y doppler, mas prueba ergométrica) 157,05",,1814200.0
25142,Quirur.,"Monitoreo de presión arterial por 24 horas, en paciente ambulatorio 59,78",,690600.0
25143,Quirur.,"Estudio de potenciales tardíos 32,14",,371300.0
25144,Quirur.,"Mapeo intracoronario con estudio post operatorio 210,55",,2432300.0
25145,Quirur.,"Evaluación funcional sinusal 93,31",,1077900.0
25146,Quirur.,"Evaluación conducción AV 85,65",,989400.0
25147,Quirur.,"Estimulación auricular 52,00",,600700.0
25148,Quirur.,"Cierre de ductus por dispositivo de sombrilla 238,14",,2751000.0
25149,Quirur.,"Cierre de CIA por dispositivo de sombrilla 298,22",,3445000.0
25150,Quirur.,"Ecocardiografía de stress farmacológico 178,40",,2060900.0
25151,Quirur.,"Potenciales EKG y/o electrocardiografía de alta resolución 50,97",,588800.0
26101,Quirur.,"Electroencefalograma 9,15",,105700.0
26102,Quirur.,"Electroencefalograma con electrodos nasofaríngeos 11,05",,127600.0
26103,Quirur.,"Potenciales evocados (visual, auditivo o somato-somato sensorial) 21,71",,250800.0
26104,Quirur.,"Punción lumbar 6,92",,79900.0
26105,Quirur.,"Bloqueo nervio periférico 13,67",,157900.0
26106,Quirur.,"Bloqueo nervio simpático 13,67",,157900.0
26107,Quirur.,"Bloqueo seno carotideo 13,67",,157900.0
26108,Quirur.,"Bloqueo nervio vago 13,67",,157900.0
26109,Quirur.,"Bloqueo regional continuo; incluye controles 6,83",,78900.0
26110,Quirur.,"Bloqueo plejo braquial 13,67",,157900.0
26111,Quirur.,"Bloqueo unión mononeural 13,67",,157900.0
26112,Quirur.,"Bloqueo para cervical 13,67",,157900.0
26113,Quirur.,"Bloqueo nervio frénico 13,67",,157900.0
26114,Quirur.,"Bloqueo plejo celiaco 19,17",,221500.0
26115,Quirur.,"Estudio polisomnografico 191,21",,2208900.0
26116,Quirur.,"Electrocorticografía 11,39",,131600.0
26117,Quirur.,"Telemetría (hora de examen) 26,73",,308800.0
27101,Quirur.,"Audiometría de Bekesy 5,07",,58600.0
27102,Quirur.,"Audiometría tonal 4,56",,52700.0
27103,Quirur.,"Audiometría verbal (logoAudiometría) 4,56",,52700.0
27104,Quirur.,"Audiometría de tallo cerebral 22,91",,264700.0
27105,Quirur.,"Pruebas de reclutamiento (SISI TDT) c/u 3,92",,45300.0
27106,Quirur.,"Pruebas de fatiga (Tone Decay, etc.) c/u 2,90",,33500.0
27107,Quirur.,"Estudio vestibular con foto electronistagmografía 50,75",,586300.0
27108,Quirur.,"Adaptación de audífono 10,91",,126000.0
27109,Quirur.,"Punción seno maxilar 5,07",,58600.0
27110,Quirur.,"Impedanciometría 4,77",,55100.0
27111,Quirur.,"Nebulizaciones c/u 1,89",,21800.0
27112,Quirur.,"Proetz (desplazamiento) c/u 1,89",,21800.0
27113,Quirur.,"Acufenometría (inhibición residual) 3,17",,36600.0
27114,Quirur.,"Rinomanometría 12,55",,145000.0
27115,Quirur.,"Lavado de oídos 3,17",,36600.0
27116,Quirur.,"Curación de oído (bajo microscopio) 5,07",,58600.0
27117,Quirur.,"Valoración eléctrica de nervio facial (prueba de Hilger) 14,14",,163300.0
27120,Quirur.,"Extracción cuerpo extraño nariz 7,65",,88400.0
27121,Quirur.,"Taponamiento nasal anterior 10,23",,118200.0
27122,Quirur.,"Taponamiento nasal posterior 19,17",,221500.0
27123,Quirur.,"Drenaje absceso periamigdalino 7,65",,88400.0
27124,Quirur.,"Electronistagmografía 38,12",,440400.0
27125,Quirur.,"Curación nariz o senos paranasales 3,17",,36600.0
27126,Quirur.,"Infiltración de cornetes 3,17",,36600.0
27127,Quirur.,"Pruebas vestibulares calóricas y/o térmicas 7,99",,92300.0
27128,Quirur.,"Criocoagulación de cornetes 15,30",,176700.0
27129,Quirur.,"Electrococleografía 38,33",,442800.0
27130,Quirur.,"Electrocoagulación de mucosa nasal 6,36",,73500.0
27131,Quirur.,"Sialometría 21,01",,242700.0
28101,Quirur.,"Ultrasonografía 25,49",,294500.0
28102,Quirur.,"Angiofluoresceinografía unilateral, con fotografías a color de segmento posterior 34,43",,397700.0
28103,Quirur.,"Tomografía con pruebas provocativas 72,63",,839000.0
28104,Quirur.,"Campo visual central y periférico bilateral 9,93",,114700.0
28105,Quirur.,"Sondeo vías lagrimales (mínimo 3. sesiónes), incluye: estricturotomía 18,74",,216500.0
28106,Quirur.,"Cauterización de puntos lagrimales 8,21",,94800.0
28107,Quirur.,"Electrólisis de pestañas 8,21",,94800.0
28108,Quirur.,"Extracción cuerpo extraño de la conjuntiva 8,21",,94800.0
28109,Quirur.,"Curetaje de la conjuntiva o córnea 8,81",,101800.0
28110,Quirur.,"Inyección sub conjuntival 6,92",,79900.0
28111,Quirur.,"Drenaje absceso córnea 13,71",,158400.0
28112,Quirur.,"Extracción cuerpo extraño superficial de córnea 8,21",,94800.0
28113,Quirur.,"Extracción cuerpo extraño superficial de esclerótica 8,21",,94800.0
28114,Quirur.,"Examen optométrico 6,36",,73500.0
28115,Quirur.,"Evaluación ortóptica 8,13",,93900.0
28116,Quirur.,"Evaluación y tratamiento ortóptico (sesión) 1,89",,21800.0
28117,Quirur.,"Evaluación y tratamiento pleóptico (sesión) 1,89",,21800.0
28118,Quirur.,"Topografía corneal computarizada, unilateral 17,19",,198600.0
28119,Quirur.,"Recuento de células endoteliales 17,19",,198600.0
28120,Quirur.,"Betaterapia sesión 4,26",,49200.0
28122,Quirur.,"Paquimetría (unilateral) 13,15",,151900.0
28123,Quirur.,"Biometría ocular (unilateral) 13,15",,151900.0
28124,Quirur.,"Electrorretinografía (bilateral) 66,01",,762500.0
28126,Quirur.,"Electrooculograma (bilateral) 66,01",,762500.0
28127,Quirur.,"Interferometría (unilateral) 9,15",,105700.0
28128,Quirur.,"Interferometría (bilateral) 13,67",,157900.0
28129,Quirur.,"Fotografía a color de segmento posterior (unilateral) 9,32",,107700.0
28130,Quirur.,"Campo visual computarizado (bilateral) 23,94",,276600.0
28133,Quirur.,"Fotocoagulación con Yag láser (capsulotomía, iridectomía ruptura de bandas) 100,87",,1165300.0
28134,Quirur.,"Fotocoagulación, con láser de argón o kriptón 100,87",,1165300.0
28135,Quirur.,"Panfotocoagulación de retina, con láser de argón o kriptón 111,49",,1287900.0
28136,Quirur.,"Fotocoagulación de conjuntiva con láser 72,68",,839600.0
29101,Quirur.,"Electromiografía (cada extremidad) 7,99",,92300.0
29102,Quirur.,"Neuroconducción (cada nervio) 6,57",,75900.0
29103,Quirur.,"Neuroconducción bilateral 9,97",,115200.0
29104,Quirur.,"Test de Lambert 8,04",,92900.0
29105,Quirur.,"Reflejo trigémino facial 8,04",,92900.0
29106,Quirur.,"Reflejo H, F o palpebral 8,04",,92900.0
29107,Quirur.,"Potenciales evocados (visual, auditivo o somatosensorial) 21,71",,250800.0
29108,Quirur.,"Test de fibra única 12,55",,145000.0
29109,Quirur.,"Bio feed back 2,57",,29700.0
29110,Quirur.,"Estimulación eléctrica transcutánea 1,66",,19200.0
29111,Quirur.,"Fenolizaciones o neurólisis de punto motor o nervio periférico 9,97",,115200.0
29112,Quirur.,"Terapia física, sesión 2,90",,33500.0
29113,Quirur.,"Terapia ocupacional, sesión 2,90",,33500.0
29114,Quirur.,"Terapia del lenguaje, sesión 2,90",,33500.0
29115,Quirur.,"Terapia para rehabilitación cardíaca, sesión 7,65",,88400.0
29116,Quirur.,"Estimulación temprana, sesión 2,90",,33500.0
29117,Quirur.,"Terapia respiratoria: higiene bronquial (espirómetro incentivo, percusión, drenaje y ejercicios respiratorios), sesión 2,90",,33500.0
29118,Quirur.,"Inhaloterapia, sesión (nebulizador ultrasónico o presión positiva intermitente) 2,90",,33500.0
29119,Quirur.,"Test con tensilón 8,68",,100300.0
29120,Quirur.,"Electromiografía laríngea 34,04",,393200.0
29121,Quirur.,"Terapia grupal de medicina física y rehabilitación 6,92",,79900.0
30101,Quirur.,"Unidad de crioprecipitados 8,16",,94300.0
30102,Quirur.,"Unidad de plaquetas 8,16",,94300.0
30103,Quirur.,"Unidad de plasma o plasma fresco 8,16",,94300.0
30104,Quirur.,"Unidad de glóbulos rojos 37,73",,435900.0
30107,Quirur.,"Plasmaféresis, leucoféresis, plaquetaféresis o eritroféresis 151,24",,1747100.0
30108,Quirur.,"Autotransfusión 48,86",,564400.0
30111,Quirur.,"Unidad de glóbulos rojos lavados 55,66",,643000.0
30112,Quirur.,"Concentrado de leucocitos 8,16",,94300.0
30201,Quirur.,"Aplicación de crioprecipitados, plaquetas o plasma 5,72",,66100.0
30202,Quirur.,"Aplicación de glóbulos rojos o sangre, en paciente hospitalizado 10,10",,116700.0
30203,Quirur.,"Aplicación de glóbulos rojos o sangre, en paciente ambulatorio 7,48",,86400.0
30204,Quirur.,"Aplicación de glóbulos rojos o sangre, en el domicilio paciente 11,18",,129200.0
30205,Quirur.,"Exanguíneo transfusión o plasmaféresis (honorarios) 19,90",,229900.0
30206,Quirur.,"Exanguíneo transfusión o plasmaféresis (derechos de sala) 9,88",,114100.0
30207,Quirur.,"Flebotomía 11,99",,138500.0
31100,Quirur.,"Obstétrica 9,93",,114700.0
31101,Quirur.,"Ginecológica o pélvica 12,12",,140000.0
31102,Quirur.,"Vaginal para diagnóstico ginecológico u obstétrico 15,47",,178700.0
31103,Quirur.,"Obstétrica con Evaluación de circulación placentaria y fetal, con doppler 20,28",,234300.0
31104,Quirur.,"Pélvica con Evaluación doppler 15,47",,178700.0
31105,Quirur.,"Abdomen superior, incluye: hígado, páncreas, vías biliares, riñones, bazo y grandes vasos 23,25",,268600.0
31106,Quirur.,"Masas abdominales y de retroperitoneo 14,66",,169400.0
31107,Quirur.,"Hígado, vías biliares, páncreas y vesícula 14,66",,169400.0
31110,Quirur.,"Vías urinarias (riñones, vejiga y próstata transbdominal) 17,75",,205000.0
31111,Quirur.,"Vascular testicular (varicocele, torción), con análisis doppler 20,42",,235900.0
31112,Quirur.,"Tiroides, glándulas salivares, testículo, pene, tejidos blandos, pared abdominal u ojo 15,09",,174300.0
31113,Quirur.,"Control de ovulación con ecografía transabdominal 5,11",,59000.0
31114,Quirur.,"Control de ovulación con eco vaginal 10,32",,119200.0
31115,Quirur.,"Perfil biofísico 15,17",,175200.0
31116,Quirur.,"Cerebral (ecografía transfontanelar) 15,30",,176700.0
31117,Quirur.,"Dinámica Modo ""B"", ocular y contenido orbitario 20,72",,239400.0
31118,Quirur.,"Sonomamografía o ultrasonido de seno, con transductor de alta frecuencia 15,90",,183700.0
31121,Quirur.,"Pericardio, pleura o tórax 13,80",,159400.0
31122,Quirur.,"Extremidades, articular, cadera pediátrica, hombro o rodilla 15,82",,182800.0
31123,Quirur.,"Transrectal 12,77",,147500.0
31124,Quirur.,"Biopsia percutánea, punción, aspiración: (procedimiento completo) 34,21",,395200.0
31125,Quirur.,"Derivación o drenaje; a la zona, agregar: 30,52",,352600.0
31201,Quirur.,"Imagen y doppler pulsado espectral (DÚPLEX SCANNING), de: arterias carótidas, arterias vertebrales, arterias axilares y humerales, aorta abdominal, tronco celíaco, arterias ilíacas, arterias renales, arterias mesentéricas, arterias femorales y poplítea, a 47,62",,550100.0
31202,Quirur.,"Oculopletismografía 21,45",,247800.0
31203,Quirur.,"Pletismografía venosa o arterial de MMSS o MMII 21,45",,247800.0
31204,Quirur.,"Pletismografia venosa o arterial de MMSS o MMII en reposo y post ejercicio 36,49",,421500.0
31205,Quirur.,"Fotopletismografía arterial o venosa 21,45",,247800.0
31206,Quirur.,"Pletismografía arterial digital 21,45",,247800.0
31207,Quirur.,"Pletismografía arterial peneana 21,45",,247800.0
31208,Quirur.,"Pletismografía de tiempo recuperación de llenado venoso MMII 21,45",,247800.0
31209,Quirur.,"Pletismografía de pies y gruesos artejos 21,45",,247800.0
31210,Quirur.,"Doppler continuo bidireccional, periorbitario, arterial o venoso de MMSS aorta abdominal y arterias ilíacas, venas cava inferior e ilíacas, arterial o de venas profundas de MMII, circulación peneana, circulación venosa o arterial escrotal. 19,17",,221500.0
31211,Quirur.,"Doppler continuo bidireccional, carótidas, arterias vertebrales, arterial o venoso de MMII 19,17",,221500.0
31212,Quirur.,"Doppler continuo bidireccional, digital 25,06",,289500.0
31215,Quirur.,"Doppler con análisis espectral, carótidas, arterias vertebrales, arterial o venoso de MMII, aorta abdominal y arterias ilíacas, o de venas cava inferior e ilíacas. 19,17",,221500.0
31216,Quirur.,"Fonoangiografía carotidea 21,45",,247800.0
31217,Quirur.,"Examen obstétrico con Evaluación de circulación placentaria 21,45",,247800.0
31218,Quirur.,"Estudio de impotencia 36,49",,421500.0
31219,Quirur.,"Estudio de riñón trasplantado con análisis Doppler 25,06",,289500.0
31220,Quirur.,"Estudio de otros órganos trasplantados 30,52",,352600.0
31221,Quirur.,"Estudio de control de trasplantes 17,06",,197100.0
31301,Quirur.,"Articulaciones: pie y cuello del pie, rodilla, cadera, codo, hombro, temporo mandibular 129,67",,1497900.0
31302,Quirur.,"Comparativas de las articulaciones anteriores 259,25",,2994900.0
31303,Quirur.,"Cráneo (base de Cráneo, órbitas, cerebro, silla turca), columna, cervical, columna torácica, columna lumbosacra, tórax (corazón, grandes vasos, mediastino y pulmones), abdomen y pelvis, sistema músculo esquelético 324,05",,3743400.0
31304,Quirur.,"Examen de control en las regiones anteriores, por la misma causa que originó el examen inicial y en un lapso no mayor a seis (6) meses 302,47",,3494100.0
31305,Quirur.,"Segmento adicional de columna vertebral 280,86",,3244500.0
31306,Quirur.,"Angiografía por resonancia magnética 259,25",,2994900.0
31307,Quirur.,"Examen para magnético (Gadolinio DTPA); al valor del examen, agregar: 122,66",,1417000.0
32101,Quirur.,"Cariotipo con bandeo G de alta resolución 52,05",,601300.0
32102,Quirur.,"Cariotipo con bandeo R de alta resolución 52,05",,601300.0
32103,Quirur.,"Cariotipo con bandeo C o Q 47,75",,551600.0
32106,Quirur.,"Cariotipo para cromosoma X frágil 52,05",,601300.0
32107,Quirur.,"Cariotipo para estados leucémicos 52,05",,601300.0
32108,Quirur.,"Cariotipo para cromosoma Philadelphia 47,75",,551600.0
32109,Quirur.,"Cariotipo con bandeo G de restos ovulares 74,35",,858900.0
32110,Quirur.,"Cariotipo con bandeo R de restos ovulares 74,35",,858900.0
32111,Quirur.,"Cariotipo para intercambio de cromatides hermanas 59,48",,687100.0
32112,Quirur.,"Cariotipo en vellosidades coriónicas 111,49",,1287900.0
32113,Quirur.,"Cariotipo en líquido amniótico 47,75",,551600.0
32114,Quirur.,"Estudio de cromosomas en cultivo de fibroblastos 20,07",,231800.0
32115,Quirur.,"Hibridización in situ con fluorescencia 185,84",,2146800.0
32116,Quirur.,"Test de cromatina 10,57",,122100.0
32117,Quirur.,"Diagnóstico molecular de enfermedades 223,06",,2576800.0
32118,Quirur.,"Estudio de penetración de espermatozoides en oocitos desnudos de Hamster (incluye: preparación de los espermatozoides del paciente en caso de proceder a inseminación artificial) 51,83",,598700.0
32119,Quirur.,"Consejería genética 4,68",,54100.0
33101,Quirur.,"Tipo I Campo único en: encéfalo, cara, tronco, pelvis/periné, extremidades, cuello o axila/axilo supraclavicular 233,89",,2701900.0
33102,Quirur.,"Tipo II Unilateral en cara y cuello; profilaxis de encéfalo; campos múltiples en cara, cuello, mediastino, axilo supra clavicular; campos múltiples y/o bilateral en axila; mediastino supraclavicular 291,56",,3368100.0
33103,Quirur.,"Tipo III Profilaxis de encéfalo y raquis; campos múltiples en encéfalo, tórax, abdominal parcial, pelvis, raquis, extremidades o glándula mamaria; ganglionar pre y post operatorio de mama; cuello y mediastino; hemitórax o hemiabdomen, bilateral en cara y 352,11",,4067600.0
33104,Quirur.,"Tipo IV Cara, cuello y mediastino; ganglionar supradiafragmática o infradiafragmática; baño torácico; abdominal total; encéfalo y raquis; completa de mama; corporal total 405,93",,4689300.0
33201,Quirur.,"Tipo I Tratamientos superficiales y combinados o dosis de refuerzo, con Rx hasta 139 Kvp 111,87",,1292300.0
33202,Quirur.,"Tipo II Tratamientos superficiales y exclusivos con Rx de más de 140 Kvp 223,27",,2579200.0
33301,Quirur.,"Tipo I Combinada, un tiempo 176,90",,2043500.0
33302,Quirur.,"Tipo II Combinada, dos tiempos 261,01",,3015200.0
33303,Quirur.,"Tipo III Exclusiva un tiempo 285,85",,3302100.0
33304,Quirur.,"Tipo IV Exclusiva dos tiempos 329,81",,3810000.0
33401,Quirur.,"Tipo I Combinada, planar simple 112,25",,1296700.0
33402,Quirur.,"Tipo II Combinada, biplanar 145,27",,1678200.0
33403,Quirur.,"Tipo III Combinada, volumétrica 167,70",,1937300.0
33404,Quirur.,"Tipo IV Exclusiva planar simple 223,14",,2577700.0
33405,Quirur.,"Tipo V Exclusiva, biplanar 290,01",,3350200.0
33406,Quirur.,"Tipo VI Exclusiva, volumétrica 334,54",,3864600.0
33501,Quirur.,"Tipo I Tratamientos combinados o dosis de refuerzo 112,25",,1296700.0
33502,Quirur.,"Tipo II Tratamientos exclusivos, campo único 223,14",,2577700.0
33503,Quirur.,"Tipo III Tratamientos exclusivos, campos múltiples 334,54",,3864600.0
33600,Quirur.,"Quimioterapia intratecal 31,85",,367900.0
33601,Quirur.,"Monoquimioterapia (ciclo completo de tratamiento) 42,59",,492000.0
33602,Quirur.,"Poliquimioterapia (ciclo completo de tratamiento) cualquier esquema de protocolo 71,77",,829100.0
34101,Quirur.,"Test de alergias, estudio completo de prueba por escarificación, intradérmica, puntura o parche, de eroalergenos o alimentos 48,78",,563500.0
34103,Quirur.,"Tratamiento mensual inmunoterapéutico completo (hipo sensibilización) Incluye: preparación, suministro y aplicación de antígenos con uno o más extractos alergénicos y controles médicos 49,86",,576000.0
34104,Quirur.,"Tratamiento inmunoterapéutico completo (hipo-sensibilización), de alergia en menores de 6 años por picadura de pulga 15,30",,176700.0
34105,Quirur.,"Tratamiento inmunoterapéutico completo (hipo-sensibilización), de alergia en mayores de 6 años por picadura de pulga 30,55",,352900.0
35102,Quirur.,"Valoración por Psicólogo 3,09",,35700.0
35103,Quirur.,"Psicoterapia individual por Psiquiatra, sesión 6,15",,71000.0
35106,Quirur.,"Psicoterapia de grupo por Psicólogo, sesión 3,62",,41800.0
35107,Quirur.,"Psicoterapia de pareja por Psiquiatra, sesión 6,96",,80400.0
35108,Quirur.,"Psicoterapia de pareja por Psicólogo, sesión 3,70",,42700.0
35109,Quirur.,"Psicoterapia de familia, sesión 8,13",,93900.0
35110,Quirur.,"Examen Psicopedagógico 3,28",,37900.0
35111,Quirur.,"Test de Rorschach 9,84",,113700.0
35112,Quirur.,"Inventario de personalidad (MMPI) 4,07",,47000.0
35113,Quirur.,"Pruebas de percepción temática (CAT o TAC) 4,90",,56600.0
35114,Quirur.,"Escala de Weschler para niños y adultos 5,67",,65500.0
35115,Quirur.,"Escala infantil de inteligencia Therman 5,67",,65500.0
35116,Quirur.,"Terapia electroconvulsiva, sesión (sin anestesia ni relajante) 3,92",,45300.0
36100,Quirur.,"Consulta especializada 5,33",,61600.0
36101,Quirur.,"Examen clínico de primera vez 3,09",,35700.0
36102,Quirur.,"Consulta de urgencias (para solución de problemas agudos,dolorosos, hemorrágicos, traumáticos o infecciosos) 3,36",,38800.0
36103,Quirur.,"Radiografías intraorales (periapicales y/o coronales) 1,40",,16200.0
36104,Quirur.,"Radiografías intraorales (oclusales) 2,57",,29700.0
36105,Quirur.,"Radiografías intraorales (perfil de cara con cefalostato) 8,42",,97300.0
36108,Quirur.,"Impresión de arco dentario superior o inferior, con modelo de estudio y concepto 4,86",,56100.0
36109,Quirur.,"Fotografía clínica extraoral en blanco y negro, frontal o lateral 3,13",,36200.0
36110,Quirur.,"Examen y estudio para cirugía ortognática comprende: registros, cefalometría estudio de fotos 10,91",,126000.0
36111,Quirur.,"Estudio de oclusión y ATM 10,91",,126000.0
36201,Quirur.,"Obturación de una superficie en amalgama de plata o resina compuesta de autocurado 3,17",,36600.0
36202,Quirur.,"Obturación de una superficie adicional en amalgama de plata o resina compuesta de autocurado 1,62",,18700.0
36205,Quirur.,"Obturación definitiva de una superficie en ionómero de vidrio 4,03",,46600.0
36206,Quirur.,"Obturación definitiva de una superficie adicional en ionómero de vidrio 2,00",,23100.0
36207,Quirur.,"Corona acrílica para dientes anteriores 22,44",,259200.0
36208,Quirur.,"Colocación de pin milimétrico 3,70",,42700.0
36209,Quirur.,"Reconstrucción de ángulo incisal con resina de fotocurado 13,83",,159800.0
36210,Quirur.,"Reconstrucción tercio incisal con resina de fotocurado 27,76",,320700.0
36301,Quirur.,"Tallado selectivo, por arcada (sin estudio de oclusión y ATM) 10,91",,126000.0
36303,Quirur.,"Detartraje (por cuadrante) 12,55",,145000.0
36304,Quirur.,"Injerto gingival (cada diente) 13,45",,155400.0
36305,Quirur.,"Gingivoplastia (cada diente) 13,45",,155400.0
36306,Quirur.,"Gingivectomía (cada diente) 16,07",,185600.0
36307,Quirur.,"Curetaje y/o alisado radicular campo cerrado (cada diente) 13,45",,155400.0
36308,Quirur.,"Curetaje y/o alisado radicular campo abierto (cada diente) 16,07",,185600.0
36401,Quirur.,"Tratamiento de conductos en dientes unirradiculares con radiografía previa y de control; no incluye valor de RX 10,57",,122100.0
36402,Quirur.,"Tratamiento de conductos en dientes birradiculares con radiografía previa y de control; no incluye valor de RX(cada conducto) 13,28",,153400.0
36403,Quirur.,"Tratamiento de conductos en dientes multirradiculares con radiografía previa y de control; no incluye valor de RX (cada conducto) 15,99",,184700.0
36503,Quirur.,"Placa con tornillo de expansión 51,02",,589400.0
36504,Quirur.,"Mantenedor fijo de espacio 36,44",,421000.0
36505,Quirur.,"Arco lingual y botón de Nance 36,44",,421000.0
36506,Quirur.,"Extracción seriada, previo estudio del caso 29,14",,336600.0
36507,Quirur.,"Mentonera como tratamiento único 29,14",,336600.0
36508,Quirur.,"Ortodoncia correctiva (cada arcada) 364,50",,4210700.0
36509,Quirur.,"Aparatos Cráneo maxilares como tratamiento único 36,44",,421000.0
36510,Quirur.,"Plano inclinado 29,14",,336600.0
36511,Quirur.,"Control mensual 3,70",,42700.0
36513,Quirur.,"Control de crecimiento y desarrollo, sesión 3,70",,42700.0
36514,Quirur.,"Rejilla fina para control de hábitos 29,14",,336600.0
36515,Quirur.,"Máscara facial, como tratamiento 43,32",,500400.0
36516,Quirur.,"Protractor 43,32",,500400.0
36601,Quirur.,"Exodoncia simple de unirradiculares 2,87",,33200.0
36602,Quirur.,"Exodoncia simple de multirradiculares 3,51",,40500.0
36603,Quirur.,"Exodoncia unirradicular (vía abierta), con radiografía previa y de control; no incluye valor de RX 7,99",,92300.0
36604,Quirur.,"Exodoncia multirradicular (vía abierta), con radiografía previa y de control; no incluye valor de RX 13,28",,153400.0
36605,Quirur.,"Apicectomía de dientes unirradiculares; incluye el relleno radicular; no incluye no incluye valor de RX 15,90",,183700.0
36606,Quirur.,"Apicectomía de dientes multirradiculares, incluye el relleno radicular; no incluye valor de RX 23,90",,276100.0
36607,Quirur.,"Regularización de rebordes (cada arcada); no incluye radiografías previa y de control 15,30",,176700.0
36608,Quirur.,"Amputación radicular con hemisección; no incluye tratamiento de conductos 16,07",,185600.0
36609,Quirur.,"Injerto óseo autógeno por diente; incluye: toma de injerto intraoral 24,11",,278500.0
36610,Quirur.,"Injerto aloplástico cerámico (cada diente) 16,07",,185600.0
36611,Quirur.,"Fijaciones temporales (cada cuadrante) 13,45",,155400.0
36613,Quirur.,"Tratamiento quirúrgico hemorragia post exodoncia o por alveolitis 8,25",,95300.0
36614,Quirur.,"Reimplante o trasplante de diente 18,91",,218400.0
36616,Quirur.,"Resección de capuchón pericoronario 10,10",,116700.0
36703,Quirur.,"Prótesis fija, cada unidad (soportes y ponticos) 26,82",,309800.0
36704,Quirur.,"Férulas acrílicas (superior o inferior) 7,22",,83400.0
36705,Quirur.,"Férulas coladas (superior o inferior) 10,66",,123100.0
36706,Quirur.,"Núcleos metálicos 10,91",,126000.0
36707,Quirur.,"Placa obturadora para pacientes con secuela de labio y paladar hendido; no incluye modelos 21,53",,248700.0
36708,Quirur.,"Unidad puente fijo tipo Maryland 26,82",,309800.0
36709,Quirur.,"Placa neuro miorrelajante, previo estudio del caso; no incluye modelos 29,14",,336600.0
36710,Quirur.,"Prescripción y controles para reparación de Prótesis 7,31",,84400.0
36801,Quirur.,"Corona en acero inoxidable 4,90",,56600.0
36802,Quirur.,"Corona en policarbonato o forma plástica 4,90",,56600.0
36803,Quirur.,"Tratamiento de conductos dientes temporales 5,33",,61600.0
36804,Quirur.,"Exodoncia diente temporal 1,62",,18700.0
36805,Quirur.,"Frenectomía o freniectomía 10,10",,116700.0
36806,Quirur.,"Resina preventiva presellante 1,62",,18700.0
36901,Quirur.,"Control de placa, clasificación de riesgo e instrucción de higiene oral 2,11",,24400.0
36902,Quirur.,"Control de placa y de cepillado 2,11",,24400.0
36903,Quirur.,"Educación en salud oral y control de riesgo 2,11",,24400.0
36904,Quirur.,"Aplicación tópica seriada de fluoruros, niños; incluye: profilaxis 3,09",,35700.0
36905,Quirur.,"Aplicación tópica de fluoruros, en adultos; incluye: profilaxis 3,09",,35700.0
36906,Quirur.,"Terapia de mantenimiento, sesión; incluye: profilaxis 2,68",,31000.0
36907,Quirur.,"Aplicación de sellante de autocurado en fosetas y fisuras (cada diente) 1,06",,12200.0
36908,Quirur.,"Aplicación de sellantes de fotocurado en fosetas y fisuras (cada diente) 2,71",,31300.0
37100,Quirur.,"Examen bajo anestesia 6,36",,73500.0
37101,Quirur.,"Cauterización de cervix 6,62",,76500.0
37102,Quirur.,"Extirpación pólipo pediculado sesil (cuello uterino) 7,99",,92300.0
37103,Quirur.,"Criocirugía de cervix 13,28",,153400.0
37104,Quirur.,"Dilatación instrumental o manual de la vagina, sesión 6,62",,76500.0
37105,Quirur.,"Monitoría fetal anteparto, sesión 3,39",,39200.0
37106,Quirur.,"Monitoría fetal intraparto, durante todo el trabajo de parto 14,61",,168800.0
37107,Quirur.,"Colpocentesis 7,22",,83400.0
37108,Quirur.,"Inserción o retiro de dispositivo intrauterino de cualquier tipo; incluye: consulta y dispositivo 7,22",,83400.0
37109,Quirur.,"Taponamiento vaginal 9,32",,107700.0
37201,Quirur.,"Artrocentesis 6,62",,76500.0
37202,Quirur.,"Tratamiento esguinces 13,28",,153400.0
37203,Quirur.,"Infiltración intra articular, bolsa sinovial, ligamentosa, neuroma o de punto muscular doloroso 2,45",,28300.0
37205,Quirur.,"Inmovilización coccix por luxación 13,28",,153400.0
37206,Quirur.,"Inmovilización miembro superior o inferior total o parcial 7,10",,82000.0
37207,Quirur.,"Hombro, MMSS o tobillo 7,10",,82000.0
37208,Quirur.,"Muslo y/o pierna 10,57",,122100.0
37209,Quirur.,"Tórax y/o pelvis 14,05",,162300.0
37301,Quirur.,"Tratamiento ortopédico dedo en martillo 18,09",,209000.0
37302,Quirur.,"Tratamiento esguince metacarpofalángico (una a dos) 13,28",,153400.0
37303,Quirur.,"Tratamiento esguince metacarpofalángico (tres ó mas) 18,09",,209000.0
37304,Quirur.,"Tratamiento esguince interfalángico (una a dos) 13,28",,153400.0
37305,Quirur.,"Tratamiento esguince interfalángico (tres ó mas) 18,09",,209000.0
37401,Quirur.,"Curación simple con inmovilización 6,62",,76500.0
37402,Quirur.,"Tratamiento médico queloide: incluye: Infiltraciones y otros 19,77",,228400.0
37403,Quirur.,"Crioterapia (sesión) 8,21",,94800.0
37404,Quirur.,"Drenaje piel y/o tejidos celular subcutáneo, incluye: Absceso superficial, hematoma, panadizo 8,21",,94800.0
37405,Quirur.,"De una a tres 6,62",,76500.0
37406,Quirur.,"De cuatro a siete 11,94",,137900.0
37407,Quirur.,"De ocho ó mas 19,90",,229900.0
37501,Quirur.,"Paracentesis abdominal 8,72",,100700.0
37502,Quirur.,"Disección venosa 7,22",,83400.0
37503,Quirur.,"Lavado gástrico 3,84",,44400.0
37504,Quirur.,"Venodisección y catéter subclavio 15,82",,182800.0
37506,Quirur.,"Colocación línea arterial 15,82",,182800.0
37507,Quirur.,"Intubación orotraqueal (exclusivamente en casos de reanimación) 15,82",,182800.0
37508,Quirur.,"Colecistectomía laparoscópica 904,77",,10451900.0
37509,Quirur.,"Escleroterapia venosa; tratamiento completo uni o bilateral por paciente, en varices grado I o II; incluye las soluciones veno esclerosantes 116,81",,1349400.0
37601,Quirur.,"Determinación de régimen dietético en paciente ambulatorio 3,28",,37900.0
37602,Quirur.,"Interconsulta de soporte nutricional especializado, en paciente hospitalizado que requiera nutrición parenteral o soporte enteral especial 3,17",,36600.0
37701,Quirur.,"Consulta social, sesión 2,34",,27000.0
37702,Quirur.,"Consulta familiar, sesión 2,60",,30000.0
37703,Quirur.,"Terapia familiar, sesión 3,47",,40100.0
37704,Quirur.,"Acciones socio educativas a grupo, sesión 2,07",,23900.0
37801,Quirur.,"Quimiofototerapia (tratamiento para psoriasis, vitiligo y linfomas), sesión 3,92",,45300.0
37804,Quirur.,"Tratamiento con toxina botulinica, sesión 53,68",,620100.0
37805,Quirur.,"Oxigenación hiperbárica, sesión 54,58",,630500.0
38111,Quirur.,"Habitación unipersonal 24,58",,283900.0
38112,Quirur.,"Habitación bipersonal 23,08",,266600.0
38113,Quirur.,"Habitación de tres camas 18,69",,215900.0
38114,Quirur.,"Habitación de cuatro ó mas camas 17,19",,198600.0
38121,Quirur.,"Habitación unipersonal 34,81",,402100.0
38122,Quirur.,"Habitación bipersonal 31,68",,366000.0
38123,Quirur.,"Habitación de tres camas 26,90",,310700.0
38124,Quirur.,"Habitación de cuatro ó mas camas 22,13",,255600.0
38131,Psiquiatría,"Habitación unipersonal 48,61",,561500.0
38132,Psiquiatría,"Habitación bipersonal 41,56",,480100.0
38133,Psiquiatría,"Habitación de tres camas 34,55",,399100.0
38134,Psiquiatría,"Habitación de cuatro ó mas camas 31,12",,359500.0
38221,Psiquiatría,"Habitación unipersonal 34,81",,402100.0
38222,Psiquiatría,"Habitación bipersonal 31,68",,366000.0
38223,Psiquiatría,"Habitación de tres camas 26,90",,310700.0
38224,Psiquiatría,"Habitación de cuatro ó mas camas 22,13",,255600.0
38225,Servicios Profesionales,"Permanencia diurna, para tratamiento ambulatorio del paciente comprendidos los mismos servicios de la estancia siquiátrica, excepto la pernoctada 13,10",,151300.0
38231,Psiquiatría,"Habitación unipersonal 48,61",,561500.0
38232,Psiquiatría,"Habitación bipersonal 41,56",,480100.0
38233,Psiquiatría,"Habitación de tres camas 34,55",,399100.0
38234,Psiquiatría,"Habitación de cuatro ó mas camas 31,12",,359500.0
38235,Servicios Profesionales,"Permanencia diurna, para tratamiento ambulatorio del paciente, comprendidos los mismos servicios de la estancia siquiátrica, excepto la pernoctada 17,10",,197500.0
38261,Psiquiatría,"Habitación unipersonal 34,81",,402100.0
38262,Psiquiatría,"Habitación bipersonal 31,68",,366000.0
38263,Psiquiatría,"Habitación de tres camas 26,90",,310700.0
38264,Psiquiatría,"Habitación de cuatro ó mas camas 22,13",,255600.0
38271,Psiquiatría,"Habitación unipersonal 48,61",,561500.0
38272,Psiquiatría,"Habitación bipersonal 41,56",,480100.0
38273,Psiquiatría,"Habitación de tres camas 34,55",,399100.0
38274,Psiquiatría,"Habitación de cuatro ó mas camas 31,12",,359500.0
38435,Psiquiatría,"Sala especial 64,30",,742800.0
38525,Psiquiatría,"Sala especial 187,38",,2164600.0
38625,Psiquiatría,"Cuidado intermedio 100,44",,1160300.0
38635,Psiquiatría,"Cuidado intensivo 187,38",,2164600.0
38715,Psiquiatría,"Sala especial 24,33",,281100.0
38725,Psiquiatría,"Sala especial 38,21",,441400.0
38735,Psiquiatría,"Sala especial 46,42",,536200.0
38825,Psiquiatría,"Sala especial 100,79",,1164300.0
38915,Psiquiatría,"Sala de observación 8,51",,98300.0
38925,Psiquiatría,"Sala de observación 10,66",,123100.0
38935,Psiquiatría,"Sala de observación 13,58",,156900.0
39000,Psiquiatría,"Grupo 02 11,05",,127600.0
39001,Psiquiatría,"Grupo 03 13,45",,155400.0
39002,Psiquiatría,"Grupo 04 16,25",,187700.0
39003,Psiquiatría,"Grupo 05 22,09",,255200.0
39004,Psiquiatría,"Grupo 06 28,97",,334700.0
39005,Psiquiatría,"Grupo 07 33,91",,391700.0
39006,Psiquiatría,"Grupo 08 39,37",,454800.0
39007,Psiquiatría,"Grupo 09 48,10",,555700.0
39010,Psiquiatría,"Grupo 12 74,01",,855000.0
39011,Psiquiatría,"Grupo 13 80,97",,935400.0
39012,Psiquiatría,"Grupo especial 20 95,84",,1107100.0
39013,Psiquiatría,"Grupo especial 21 124,76",,1441200.0
39014,Psiquiatría,"Grupo especial 22 145,78",,1684100.0
39015,Psiquiatría,"Grupo especial 23 228,95",,2644800.0
39100,Psiquiatría,"Grupo 02 7,86",,90800.0
39101,Psiquiatría,"Grupo 03 9,54",,110200.0
39102,Psiquiatría,"Grupo 04 11,69",,135000.0
39103,Psiquiatría,"Grupo 05 14,44",,166800.0
39104,Psiquiatría,"Grupo 06 17,19",,198600.0
39105,Psiquiatría,"Grupo 07 19,99",,230900.0
39106,Psiquiatría,"Grupo 08 23,25",,268600.0
39107,Psiquiatría,"Grupo 09 27,50",,317700.0
39108,Psiquiatría,"Grupo 10 34,00",,392800.0
39109,Psiquiatría,"Grupo 11 38,00",,439000.0
39110,Psiquiatría,"Grupo 12 43,11",,498000.0
39111,Psiquiatría,"Grupo 13 47,96",,554000.0
39112,Psiquiatría,"Grupo especial 20 55,96",,646400.0
39113,Psiquiatría,"Grupo especial 21 75,86",,876300.0
39114,Psiquiatría,"Grupo especial 22 101,09",,1167800.0
39115,Psiquiatría,"Grupo especial 23 143,07",,1652700.0
39116,Psiquiatría,"Parto normal o intervenido (forceps o espátulas) y revisión de cavidad uterina 18,69",,215900.0
39117,Psiquiatría,"Grupo 06 7,56",,87300.0
39118,Psiquiatría,"Grupo 07 8,94",,103300.0
39119,Psiquiatría,"Grupo 08 10,32",,119200.0
39122,Psiquiatría,"Grupo 11 18,23",,210600.0
39123,Psiquiatría,"Grupo 12 20,20",,233400.0
39124,Psiquiatría,"Grupo 13 23,25",,268600.0
39125,Psiquiatría,"Grupo especial 20 26,17",,302300.0
39126,Psiquiatría,"Grupo especial 21 34,04",,393200.0
39127,Psiquiatría,"Grupo especial 22 39,76",,459300.0
39128,Psiquiatría,"Grupo especial 23 62,45",,721400.0
39129,Psiquiatría,"Servicio de Perfusionista, por intervención 31,33",,361900.0
39130,Psiquiatría,"Atención diaria intrahospitalaria, por el especialista tratante, del paciente no quirúrgico u obstétrico 7,56",,87300.0
39131,Psiquiatría,"Atención diaria intrahospitalaria, por el médico general tratante, del paciente no quirúrgico u obstétrico 5,67",,65500.0
39132,Psiquiatría,"Valoración inicial intrahospitalaria, por el especialista tratante, del paciente ingresado para estudio y/o tratamiento no quirúrgico u obstétrico 5,59",,64600.0
39133,Psiquiatría,"Valoración inicial intrahospitalaria, por el médico general tratante, del paciente ingresado para tratamiento no quirúrgico u obstétrico 7,22",,83400.0
39134,Psiquiatría,"Valoración por el pediatra, del recién nacido y controles del sano durante toda su permanencia en el servicio de hospitalización 7,69",,88800.0
39135,Psiquiatría,"Valoración por el médico general, del recién nacido y controles del sano durante toda su permanencia en el servicio de hospitalización 5,33",,61600.0
39136,Psiquiatría,"Atención intrahospitalaria especializada de psiquiatría (semanal) 15,60",,180200.0
39137,Psiquiatría,"Consulta pre quirúrgica ambulatoria y/o intrahospitalaria, por el cirujano 5,59",,64600.0
39138,Psiquiatría,"Valoración inicial intrahospitalaria preparto 5,59",,64600.0
39139,Psiquiatría,"Consulta preanestésica 5,59",,64600.0
39143,Psiquiatría,"Consulta ambulatoria de medicina especializada 6,53",,75400.0
39144,Psiquiatría,"Junta Médico Quirúrgica (cada especialista por reunión) 13,15",,151900.0
39145,Psiquiatría,"Consulta de urgencias 7,43",,85800.0
39146,Psiquiatría,"Sutura 2,11",,24400.0
39149,Psiquiatría,"Atención diaria intrahospitalaria por el especialista tratante del paciente quirúrgico y obstétrico 7,56",,87300.0
39150,Psiquiatría,"Sesión terapia electroconvulsiva 15,43",,178200.0
39151,Psiquiatría,"Procedimientos de salud oral y de quimioterapia en niño (sesión) 15,43",,178200.0
39152,Psiquiatría,"Estudios radiológicos 15,43",,178200.0
39153,Psiquiatría,"Exámenes de resonancia magnética 31,85",,367900.0
39154,Psiquiatría,"Examen médico bajo anestesia general 15,43",,178200.0
39155,Psiquiatría,"Cardioversión de pacientes en tratamiento no quirúrgico 14,83",,171300.0
39160,Servicios Profesionales,"Atención de hemodiálisis por insuficiencia renal aguda, incluído el procedimiento y los controles intra hospitalarios requeridos 11,86",,137000.0
39161,Servicios Profesionales,"Sesión de hemodiálisis por insuficiencia renal crónica, incluídos los controles médicos que el paciente requiera 6,88",,79500.0
39162,Servicios Profesionales,"Atención diaria de diálisis peritoneal por insuficiencia renal aguda, incluído el procedimiento y los controles intrahospitalarios 18,61",,215000.0
39163,Servicios Profesionales,"Entrenamiento previo necesario de cada paciente que ingrese al programa de diálisis peritoneal ambulatoria, por insuficiencia renal crónica (actividades del equipo médico y paramédico de la Unidad) 16,59",,191600.0
39164,Servicios Profesionales,"Atención mensual integral por paciente en díalisis peritoneal ambulatoria por insuficiencia renal crónica (incluye: controles médicos, cambios de equipo de infusión y adiestramiento) 52,99",,612100.0
39201,Psiquiatría,"Derechos de sala para suturas 6,19",,71500.0
39202,Psiquiatría,"Derechos de sala para curaciones 2,68",,31000.0
39204,Psiquiatría,"Grupo 02 18,26",,210900.0
39205,Psiquiatría,"Grupo 03 22,52",,260200.0
39206,Psiquiatría,"Grupo 04 28,66",,331100.0
39207,Psiquiatría,"Grupo 05 39,41",,455300.0
39208,Psiquiatría,"Grupo 06 57,04",,658900.0
39209,Psiquiatría,"Grupo 07 63,65",,735300.0
39210,Psiquiatría,"Grupo 08 69,79",,806200.0
39211,Psiquiatría,"Grupo 09 79,55",,919000.0
39212,Psiquiatría,"Grupo 10 105,85",,1222800.0
39213,Psiquiatría,"Grupo 11 112,90",,1304200.0
39214,Psiquiatría,"Grupo 12 118,62",,1370300.0
39215,Psiquiatría,"Grupo 13 124,98",,1443800.0
39216,Psiquiatría,"Grupo especial 20 131,26",,1516300.0
39217,Psiquiatría,"Grupo especial 21 137,61",,1589700.0
39218,Psiquiatría,"Grupo especial 22 144,53",,1669600.0
39219,Psiquiatría,"Grupo especial 23 181,20",,2093200.0
39220,Psiquiatría,"Derechos de sala de parto 63,91",,738300.0
39221,Psiquiatría,"Derechos de sala de yesos 8,72",,100700.0
39222,Servicios Profesionales,"Por sesión, que incluye: La dotación y servicio de enfermería, la utilización de los equipos y elementos propios de la Unidad, servicios públicos y de aseo 11,94",,137900.0
39223,Servicios Profesionales,"Atención diaria en la Unidad de Nefrología, que incluye: la dotación y servicio de enfermería, la utilización de los equipos y elementos propios de la Unidad, servicios públicos y de aseo 11,86",,137000.0
39300,Quirur.,"Materiales de curación por complicaciones intrahospitalarias 5,97",,69000.0
39303,Psiquiatría,"GRUPOS 07 - 08 - 09 Materiales de curación por complicaciones intrahospitalarias 37,39",,431900.0
39304,Psiquiatría,"GRUPOS 10 - 11 - 12 - 13 Materiales de curación por complicaciones intrahospitalarias 59,26",,684600.0
39305,Psiquiatría,"Materiales de sutura y curación, medicamentos y soluciones, oxígeno, agentes y gases anestésicos 8,72",,100700.0
39360,Servicios Profesionales,"Actividad individual o grupal de promoción, prevención o protección específica (por cada sesión) 1,40",,16200.0
39601,Servicios Profesionales,"La atención de urgencias de tipo prehospitalario y apoyo terapéutico en unidades móviles 58,10",,671200.0
40100,Servicios Profesionales,"Atención domiciliaria para pacientes crónicos, terminales y/o con tratamiento definido; Mensual por paciente 121,71",,1406000.0
40101,Servicios Profesionales,"Atención integral de hemodiálisis por insuficiencia renal aguda o crónica: Sesión 105,77",,1221900.0
40102,Servicios Profesionales,"Atención ambulatoria integral del oxígeno dependiente: Mensual por paciente 329,25",,3803500.0
40105,Servicios Profesionales,"Atención médica y de salud oral, incluídas las acciones de promoción de la salud, prevención de la enfermedad y protección específica. Por sesión. 3,73",,43100.0
40106,Servicios Profesionales,"Atención médica, incluídas las acciones de promoción, prevención y protección. Por sesión 2,45",,28300.0
40107,Servicios Profesionales,"Atención médica sin acciones de promoción, prevención y protección específica. Por sesión. 1,96",,22600.0
40108,Servicios Profesionales,"Atención de salud oral, incluídas las acciones de promoción, prevención y protección. Por sesión. 1,28",,14800.0
40111,Servicios Profesionales,"Atención médica, incluídas las acciones de promoción, prevención y protección. Por sesión. 2,75",,31800.0
40112,Servicios Profesionales,"Atención médica sin acciones de promoción, prevención y protección. Por sesión. 2,11",,24400.0
40113,Servicios Profesionales,"Atención de salud oral, incluídas las acciones de promoción, prevención y protección. Por sesión. 1,47",,17000.0
40114,Servicios Profesionales,"Acciones de promoción de la salud, prevención de la enfermedad y protección específica. Por sesión. 0,676",,7800.0
40120,Servicios Profesionales,"Atención médica y de salud oral, incluídas las acciones de promoción de la salud, prevención de la enfermedad y protección específica. Por sesión. 4,15",,47900.0
40121,Servicios Profesionales,"Atención médica, incluídas las acciones de promoción, prevención y protección específica. Por sesión. 2,75",,31800.0
40122,Servicios Profesionales,"Atención médica sin acciones de promoción, prevención y protección específica 2,11",,24400.0
40123,Servicios Profesionales,"Atención de salud oral, incluídas las acciones de promoción, prevención y protección específica. Por sesión. 1,51",,17400.0
40124,Servicios Profesionales,"Acciones de promoción de la salud, prevención de la enfermedad y protección específica. Por sesión. 0,676",,7800.0
502001,Servicios Profesionales,"Resección de pterigión; incluye plastia libre 182,44",,2107500.0
502002,Servicios Profesionales,"Retinopexia quirúrgica 689,62",,7966500.0
503001,Servicios Profesionales,"Amigdalectomía 236,46",,2731600.0
503002,Servicios Profesionales,"Septorrinoplastia funcional 577,23",,6668200.0
503003,Servicios Profesionales,"Timpanoplastia 350,22",,4045700.0
503004,Servicios Profesionales,"Cirugía endoscópica transnasal 487,24",,5628600.0
505001,Servicios Profesionales,"Safeno-varicectomía 472,19",,5454700.0
506001,Servicios Profesionales,"Toracotomía mayor con control de hemorragia traumática 1080,29",,12479500.0
507001,Servicios Profesionales,"Herniorrafia diafragmática 774,38",,8945600.0
507002,Servicios Profesionales,"Colecistectomía simple 734,66",,8486800.0
507003,Servicios Profesionales,"Apendicectomía, apéndice no perforada 385,90",,4457900.0
507006,Servicios Profesionales,"Gastrectomía parcial más reconstrucción con o sin vagotomía 1016,34",,11740800.0
508001,Servicios Profesionales,"Hemorroidectomía externa 343,27",,3965500.0
508002,Servicios Profesionales,"Resección de quiste pilonidal, extirpación abierta o marzupialización 435,58",,5031800.0
509001,Servicios Profesionales,"Prostatectomía abierta 1016,77",,11745700.0
509002,Servicios Profesionales,"Prostatectomía transuretral y/o vaporización 937,26",,10827200.0
509003,Servicios Profesionales,"Pielolitotomía 678,32",,7836000.0
509004,Servicios Profesionales,"Circuncisión incluye plastia del frenillo y/o liberación de adherencias 238,78",,2758400.0
509005,Servicios Profesionales,"Varicocelectomía o hidrocelectomía 322,37",,3724000.0
509006,Servicios Profesionales,"Orquideopexia incluye tratamiento del saco heniario y resección de hidátides 351,86",,4064700.0
509007,Servicios Profesionales,"Nefrectomía simple 811,33",,9372500.0
510001,Servicios Profesionales,"Mastectomía radical modificada con disección axilar y conservación de músculos pectorales 1006,54",,11627600.0
511001,Servicios Profesionales,"Histerectomía abdominal total, con o sin remoción de trompas u ovarios 799,90",,9240400.0
511002,Servicios Profesionales,"Colporrafia anterior y posterior 428,19",,4946500.0
511003,Servicios Profesionales,"Histerectomía vaginal 632,85",,7310700.0
512001,Servicios Profesionales,"Operación cesárea segmentaria transversal o corporal 373,61",,4315900.0
512002,Servicios Profesionales,"Atención del parto vaginal (normal o intervenido con fórceps o espátulas); incluye: episiorrafia y/o perineorrafia 228,55",,2640200.0
512003,Servicios Profesionales,"Legrado uterino post parto o por oborto 206,94",,2390600.0
513001,Servicios Profesionales,"Osteosíntesis de clavícula 302,44",,3493800.0
513002,Servicios Profesionales,"Osteosíntesis de humero, tercio superior con placa u obenque 562,37",,6496500.0
513003,Servicios Profesionales,"Osteosíntesis de húmero en diáfisis con placas 578,74",,6685600.0
513004,Servicios Profesionales,"Osteosíntesis de húmero , proximal o distal, percutánea con pines 379,28",,4381400.0
513005,Servicios Profesionales,"Osteosíntesis de húmero en diáfisis con clavo intramedular bloqueado 659,28",,7616000.0
513006,Servicios Profesionales,"Osteosíntesis de fractura supracondilea 481,10",,5557700.0
513007,Servicios Profesionales,"Osteosíntesis de cóndilo humeral aislada 431,19",,4981100.0
513008,Servicios Profesionales,"Osteosíntesis de diáfisis de cúbito o radio 348,81",,4029500.0
513009,Servicios Profesionales,"Osteosíntesis de diáfisis de cúbito y radio 433,43",,5007000.0
513010,Servicios Profesionales,"Osteosíntesis de fractura radiodistal (colles, etc) con placas 344,21",,3976300.0
513011,Servicios Profesionales,"Osteosíntesis de olécranon 399,83",,4618800.0
513012,Servicios Profesionales,"Osteosíntesis de fractura radiodistal con pines percutáneos 282,28",,3260900.0
513013,Servicios Profesionales,"Osteosíntesis de fractura de pelvis o reborde posterior 1014,79",,11722900.0
513014,Servicios Profesionales,"Reemplazo protésico total primario de cadera 1223,71",,14136300.0
513015,Servicios Profesionales,"Ostosíntesis de acetábulo reborde posterior con tornillos 912,85",,10545200.0
513016,Servicios Profesionales,"Osteosíntesis de acetábulo compuesta (anterior, posterior y superior) 1275,33",,14732600.0
513017,Servicios Profesionales,"Osteosíntesis de rótula 451,44",,5215000.0
513018,Servicios Profesionales,"Osteosíntesis de diáfisis del fémur con clavo intramedular o placa 894,46",,10332800.0
513021,Servicios Profesionales,"Osteosíntesis de tibia con clavo intramedular o placa 560,86",,6479100.0
513022,Servicios Profesionales,"Osteosíntesis de peroné con clavo intramedular o placa 448,56",,5181800.0
513023,Servicios Profesionales,"Osteosíntesis de fractura complicada con clavo intramedular 546,59",,6314200.0
513024,Servicios Profesionales,"Osteosíntesis de platillos tibiales o plafont tibial sin injerto 486,12",,5615700.0
513025,Servicios Profesionales,"Osteosíntesis de platillos tibiales o plafont tibial con injerto 537,52",,6209400.0
513026,Servicios Profesionales,"Osteosíntesis de fractura o luxofractura de cuello de pie 397,59",,4593000.0
513027,Servicios Profesionales,"Osteosíntesis de fractura bimaleolar o trimaleolar 394,58",,4558200.0
513028,Servicios Profesionales,"Amputación o desarticulación de pierna 880,01",,10165900.0
513029,Servicios Profesionales,"Artrodesis posterior de columna con instrumentación 1533,66",,17716800.0
513030,Servicios Profesionales,"Artrodesis anterior de columna con instrumentación 1777,44",,20533000.0
513031,Servicios Profesionales,"Artrodesis de columna con fijación transpedicular 1843,88",,21300500.0
513032,Servicios Profesionales,"Reparación quirúrgica post-traumática del tendón de aquiles 356,29",,4115900.0
516002,Servicios Profesionales,"Reducción abierta de fractura de maxilar superior (lefort II y III) incluye inmovilización intermaxilar y osteosíntesis 600,66",,6938800.0
516003,Servicios Profesionales,"Reducción abierta de fractura de maxilar inferior; 524,37",,6057500.0
516004,Servicios Profesionales,"Reducción abierta de fractura de arco cigomático 377,65",,4362600.0
516005,Servicios Profesionales,"Reducción abierta de fractura malar 485,78",,5611700.0
518001,Servicios Profesionales,"Cirugía ginecológica laparoscópica ambulatoria de II nivel 459,78",,5311400.0
518002,Servicios Profesionales,"Cirugía ginecológica laparoscópica ambulatoria de I nivel 441,81",,5103800.0
518003,Servicios Profesionales,"Cirugía artroscópica de rodilla, primer nivel 279,87",,3233100.0